id_chamado,data_abertura,categoria_chamado,nivel_suporte,status_chamado,tempo_resposta_horas,tempo_resolucao_horas,nivel_satisfacao_estrelas,descricao,categoria_chamado_str,nivel_suporte_str,status_chamado_str,descricao_str
CH000001,2023-02-19,1,1,1,18.38,36.73,5,6,Hardware,N1,Resolvido,Telefone sem linha
CH000002,2023-07-24,2,1,1,9.71,44.23,5,10,Acessos,N1,Resolvido,Erro ao acessar sistema
CH000003,2023-06-30,2,1,1,18.03,39.68,3,1,Acessos,N1,Resolvido,Solicitação de acesso a rede
CH000004,2024-05-04,3,3,1,4.73,17.48,2,2,Software,N3,Resolvido,Equipamento não liga
CH000005,2023-12-26,4,1,2,11.84,67.93,4,3,Impressoras,N1,Cancelado,Solicitação de manutenção preventiva
CH000006,2023-07-30,5,1,3,4.9,66.03,1,4,Rede,N1,Em andamento,Troca de cartucho de impressora
CH000007,2023-04-23,1,1,3,18.46,86.37,4,1,Hardware,N1,Em andamento,Solicitação de acesso a rede
CH000008,2023-09-27,5,4,2,11.8,27.91,1,5,Rede,N4,Cancelado,Problema na conexão Wi-Fi
CH000009,2024-05-06,1,1,1,23.06,60.03,2,6,Hardware,N1,Resolvido,Telefone sem linha
CH000010,2024-05-31,6,1,3,12.41,28.09,5,6,Telefonia,N1,Em andamento,Telefone sem linha
CH000011,2023-12-28,6,1,4,3.52,59.85,5,6,Telefonia,N1,Aberto,Telefone sem linha
CH000012,2024-09-11,2,2,1,4.36,26.65,5,2,Acessos,N2,Resolvido,Equipamento não liga
CH000013,2024-07-10,1,1,3,1.76,57.69,4,5,Hardware,N1,Em andamento,Problema na conexão Wi-Fi
CH000014,2023-01-19,3,2,1,19.13,62.7,2,2,Software,N2,Resolvido,Equipamento não liga
CH000015,2023-04-18,3,4,1,7.12,27.19,3,6,Software,N4,Resolvido,Telefone sem linha
CH000016,2023-11-30,6,1,1,7.44,22.55,3,5,Telefonia,N1,Resolvido,Problema na conexão Wi-Fi
CH000017,2024-07-31,1,2,1,19.32,7.147,5,9,Hardware,N2,Resolvido,Configuração de novo equipamento
CH000018,2023-09-30,4,1,3,6.42,32.54,4,7,Impressoras,N1,Em andamento,Atualização de software necessária
CH000019,2024-02-20,6,1,1,4.06,51.89,1,5,Telefonia,N1,Resolvido,Problema na conexão Wi-Fi
CH000020,2023-12-26,2,2,1,8.32,43.75,2,6,Acessos,N2,Resolvido,Telefone sem linha
CH000021,2024-04-27,4,1,1,12.08,50.79,4,7,Impressoras,N1,Resolvido,Atualização de software necessária
CH000022,2024-09-22,6,3,1,10.2,79.19,4,1,Telefonia,N3,Resolvido,Solicitação de acesso a rede
CH000023,2023-11-01,3,1,2,14.14,71.57,4,1,Software,N1,Cancelado,Solicitação de acesso a rede
CH000024,2023-09-29,3,1,1,15.57,37.53,1,8,Software,N1,Resolvido,Hardware defeituoso
CH000025,2024-01-13,3,1,1,2.91,42.44,3,9,Software,N1,Resolvido,Configuração de novo equipamento
CH000026,2023-05-04,4,1,1,8.52,5.942,5,7,Impressoras,N1,Resolvido,Atualização de software necessária
CH000027,2024-07-24,4,1,1,6.68,30.96,5,4,Impressoras,N1,Resolvido,Troca de cartucho de impressora
CH000028,2024-10-23,4,2,2,19.32,45.75,3,9,Impressoras,N2,Cancelado,Configuração de novo equipamento
CH000029,2023-04-29,2,4,3,10.99,63.14,5,2,Acessos,N4,Em andamento,Equipamento não liga
CH000030,2024-05-11,1,1,1,15.82,56.21,3,8,Hardware,N1,Resolvido,Hardware defeituoso
CH000031,2023-11-02,2,4,1,6.91,34.22,4,4,Acessos,N4,Resolvido,Troca de cartucho de impressora
CH000032,2023-10-02,5,2,4,17.27,65.89,3,10,Rede,N2,Aberto,Erro ao acessar sistema
CH000033,2023-01-18,5,1,1,23.89,86.44,3,5,Rede,N1,Resolvido,Problema na conexão Wi-Fi
CH000034,2024-10-21,2,1,1,22.33,82.97,4,9,Acessos,N1,Resolvido,Configuração de novo equipamento
CH000035,2023-08-30,3,2,3,7.62,59.79,4,8,Software,N2,Em andamento,Hardware defeituoso
CH000036,2023-09-27,4,1,1,16.7,25.36,4,9,Impressoras,N1,Resolvido,Configuração de novo equipamento
CH000037,2024-10-05,5,2,4,1.23,32.86,4,6,Rede,N2,Aberto,Telefone sem linha
CH000038,2023-12-14,5,2,1,6.28,15.99,2,10,Rede,N2,Resolvido,Erro ao acessar sistema
CH000039,2023-02-10,3,1,3,15.73,69.91,1,9,Software,N1,Em andamento,Configuração de novo equipamento
CH000040,2023-04-23,6,1,3,22.17,45.69,2,9,Telefonia,N1,Em andamento,Configuração de novo equipamento
CH000041,2024-09-09,2,1,3,1.16,14.14,4,4,Acessos,N1,Em andamento,Troca de cartucho de impressora
CH000042,2023-03-27,6,3,1,12.71,17.39,3,10,Telefonia,N3,Resolvido,Erro ao acessar sistema
CH000043,2023-06-10,3,1,1,20.95,88.84,3,5,Software,N1,Resolvido,Problema na conexão Wi-Fi
CH000044,2024-02-12,1,1,1,20.45,54.25,1,2,Hardware,N1,Resolvido,Equipamento não liga
CH000045,2024-04-17,2,3,1,10.53,58.37,5,10,Acessos,N3,Resolvido,Erro ao acessar sistema
CH000046,2023-07-16,4,1,1,15.11,80.62,1,5,Impressoras,N1,Resolvido,Problema na conexão Wi-Fi
CH000047,2024-07-31,4,2,1,2.42,6.12,2,3,Impressoras,N2,Resolvido,Solicitação de manutenção preventiva
CH000048,2023-01-11,2,1,1,21.01,52.74,1,3,Acessos,N1,Resolvido,Solicitação de manutenção preventiva
CH000049,2023-08-22,1,3,1,3.55,51.55,5,1,Hardware,N3,Resolvido,Solicitação de acesso a rede
CH000050,2024-01-01,4,3,1,2.81,43.91,4,10,Impressoras,N3,Resolvido,Erro ao acessar sistema
CH000051,2024-04-27,5,1,3,5.88,46.41,1,9,Rede,N1,Em andamento,Configuração de novo equipamento
CH000052,2023-10-15,3,1,1,20.94,34.08,4,4,Software,N1,Resolvido,Troca de cartucho de impressora
CH000053,2024-02-26,1,1,4,9.56,42.32,1,3,Hardware,N1,Aberto,Solicitação de manutenção preventiva
CH000054,2024-01-01,5,1,3,16.78,70.86,1,9,Rede,N1,Em andamento,Configuração de novo equipamento
CH000055,2024-09-16,6,1,1,6.38,54.39,1,7,Telefonia,N1,Resolvido,Atualização de software necessária
CH000056,2024-04-26,6,1,3,1.09,33.74,4,5,Telefonia,N1,Em andamento,Problema na conexão Wi-Fi
CH000057,2023-08-01,1,1,2,18.07,50.59,2,1,Hardware,N1,Cancelado,Solicitação de acesso a rede
CH000058,2023-04-12,1,1,1,20.72,45.61,1,3,Hardware,N1,Resolvido,Solicitação de manutenção preventiva
CH000059,2023-07-28,6,1,1,7.29,34.86,5,8,Telefonia,N1,Resolvido,Hardware defeituoso
CH000060,2024-03-23,3,4,3,9.62,39.96,3,7,Software,N4,Em andamento,Atualização de software necessária
CH000061,2023-06-07,4,1,1,12.67,54.65,1,3,Impressoras,N1,Resolvido,Solicitação de manutenção preventiva
CH000062,2024-08-29,6,1,1,4.29,61.14,2,7,Telefonia,N1,Resolvido,Atualização de software necessária
CH000063,2024-04-12,4,1,4,7.14,31.13,1,8,Impressoras,N1,Aberto,Hardware defeituoso
CH000064,2024-03-10,1,1,1,20.85,47.74,4,8,Hardware,N1,Resolvido,Hardware defeituoso
CH000065,2024-02-23,1,1,4,6.81,36.43,1,9,Hardware,N1,Aberto,Configuração de novo equipamento
CH000066,2023-01-31,3,3,3,6.93,44.83,5,6,Software,N3,Em andamento,Telefone sem linha
CH000067,2023-05-05,2,2,3,1.44,37.64,5,8,Acessos,N2,Em andamento,Hardware defeituoso
CH000068,2024-10-26,5,1,1,12.61,60.83,4,2,Rede,N1,Resolvido,Equipamento não liga
CH000069,2023-08-07,6,3,3,16.64,33.46,2,9,Telefonia,N3,Em andamento,Configuração de novo equipamento
CH000070,2024-08-09,6,2,3,6.7,21.25,3,2,Telefonia,N2,Em andamento,Equipamento não liga
CH000071,2024-09-23,2,2,1,10.25,63.89,1,8,Acessos,N2,Resolvido,Hardware defeituoso
CH000072,2024-10-04,2,1,1,13.07,16.47,1,5,Acessos,N1,Resolvido,Problema na conexão Wi-Fi
CH000073,2024-08-15,6,2,1,6.27,48.06,4,5,Telefonia,N2,Resolvido,Problema na conexão Wi-Fi
CH000074,2024-08-28,1,1,1,20.84,59.06,5,3,Hardware,N1,Resolvido,Solicitação de manutenção preventiva
CH000075,2024-04-24,2,1,1,12.67,79.04,2,2,Acessos,N1,Resolvido,Equipamento não liga
CH000076,2024-10-28,2,2,1,18.54,32.47,4,8,Acessos,N2,Resolvido,Hardware defeituoso
CH000077,2024-03-07,4,1,1,13.65,67.94,4,3,Impressoras,N1,Resolvido,Solicitação de manutenção preventiva
CH000078,2024-07-09,5,2,1,3.6,6.25,1,1,Rede,N2,Resolvido,Solicitação de acesso a rede
CH000079,2024-02-04,5,2,1,2.27,53.66,1,7,Rede,N2,Resolvido,Atualização de software necessária
CH000080,2023-07-23,2,2,1,19.9,33.3,4,5,Acessos,N2,Resolvido,Problema na conexão Wi-Fi
CH000081,2023-05-01,4,1,4,0.67,56.67,5,8,Impressoras,N1,Aberto,Hardware defeituoso
CH000082,2023-12-19,2,1,1,13.81,23.82,1,4,Acessos,N1,Resolvido,Troca de cartucho de impressora
CH000083,2024-03-22,5,2,3,1.79,5.27,4,5,Rede,N2,Em andamento,Problema na conexão Wi-Fi
CH000084,2023-02-23,3,3,3,5.99,62.53,1,4,Software,N3,Em andamento,Troca de cartucho de impressora
CH000085,2024-08-29,6,1,1,16.6,30.53,4,3,Telefonia,N1,Resolvido,Solicitação de manutenção preventiva
CH000086,2023-12-02,3,2,1,7.38,24.59,2,8,Software,N2,Resolvido,Hardware defeituoso
CH000087,2023-10-07,6,1,1,11.67,56.07,4,3,Telefonia,N1,Resolvido,Solicitação de manutenção preventiva
CH000088,2024-04-23,2,3,1,7.13,66.66,5,10,Acessos,N3,Resolvido,Erro ao acessar sistema
CH000089,2023-05-13,1,1,1,2.67,11.91,5,6,Hardware,N1,Resolvido,Telefone sem linha
CH000090,2023-02-14,3,2,1,6.86,45.33,1,7,Software,N2,Resolvido,Atualização de software necessária
CH000091,2023-05-18,3,1,1,3.81,8.0,5,5,Software,N1,Resolvido,Problema na conexão Wi-Fi
CH000092,2023-08-04,3,1,1,10.1,44.8,1,6,Software,N1,Resolvido,Telefone sem linha
CH000093,2023-05-28,2,1,1,21.99,57.3,2,8,Acessos,N1,Resolvido,Hardware defeituoso
CH000094,2024-05-07,2,1,1,10.36,74.34,3,5,Acessos,N1,Resolvido,Problema na conexão Wi-Fi
CH000095,2024-08-28,5,1,1,18.33,37.45,5,1,Rede,N1,Resolvido,Solicitação de acesso a rede
CH000096,2024-09-29,2,2,3,13.91,65.34,1,8,Acessos,N2,Em andamento,Hardware defeituoso
CH000097,2024-09-12,5,4,4,21.3,44.39,4,9,Rede,N4,Aberto,Configuração de novo equipamento
CH000098,2023-12-15,3,1,1,19.2,55.83,2,5,Software,N1,Resolvido,Problema na conexão Wi-Fi
CH000099,2024-03-26,6,2,4,16.57,52.65,3,9,Telefonia,N2,Aberto,Configuração de novo equipamento
CH000100,2023-03-20,5,3,1,6.73,71.37,4,8,Rede,N3,Resolvido,Hardware defeituoso
CH000101,2024-10-18,5,1,3,19.02,59.69,3,4,Rede,N1,Em andamento,Troca de cartucho de impressora
CH000102,2023-04-09,2,1,1,11.85,45.98,4,9,Acessos,N1,Resolvido,Configuração de novo equipamento
CH000103,2023-11-15,5,1,1,2.04,55.21,1,10,Rede,N1,Resolvido,Erro ao acessar sistema
CH000104,2023-01-26,3,1,1,11.1,29.47,2,10,Software,N1,Resolvido,Erro ao acessar sistema
CH000105,2023-12-10,5,1,1,7.05,76.17,3,7,Rede,N1,Resolvido,Atualização de software necessária
CH000106,2023-05-23,3,3,2,18.5,51.31,1,8,Software,N3,Cancelado,Hardware defeituoso
CH000107,2023-08-20,4,3,1,6.5,19.68,1,9,Impressoras,N3,Resolvido,Configuração de novo equipamento
CH000108,2023-09-15,4,1,1,11.56,64.48,1,8,Impressoras,N1,Resolvido,Hardware defeituoso
CH000109,2023-02-24,3,1,4,18.34,31.98,3,5,Software,N1,Aberto,Problema na conexão Wi-Fi
CH000110,2024-03-11,4,2,1,17.74,23.29,1,10,Impressoras,N2,Resolvido,Erro ao acessar sistema
CH000111,2024-05-16,5,2,4,8.09,59.41,2,6,Rede,N2,Aberto,Telefone sem linha
CH000112,2023-03-15,2,1,2,23.12,85.16,5,5,Acessos,N1,Cancelado,Problema na conexão Wi-Fi
CH000113,2024-07-06,5,1,1,4.1,55.24,3,5,Rede,N1,Resolvido,Problema na conexão Wi-Fi
CH000114,2024-09-25,2,1,3,10.96,35.22,5,8,Acessos,N1,Em andamento,Hardware defeituoso
CH000115,2024-04-05,5,2,1,19.98,30.66,2,1,Rede,N2,Resolvido,Solicitação de acesso a rede
CH000116,2024-02-02,2,1,3,23.62,32.04,2,6,Acessos,N1,Em andamento,Telefone sem linha
CH000117,2024-05-27,1,2,3,15.71,8.411,4,10,Hardware,N2,Em andamento,Erro ao acessar sistema
CH000118,2024-08-30,1,1,1,16.57,24.47,1,9,Hardware,N1,Resolvido,Configuração de novo equipamento
CH000119,2024-01-19,1,3,1,18.44,87.2,3,2,Hardware,N3,Resolvido,Equipamento não liga
CH000120,2023-07-08,4,2,1,22.56,40.12,4,6,Impressoras,N2,Resolvido,Telefone sem linha
CH000121,2024-10-17,3,1,1,1.54,6.9,2,6,Software,N1,Resolvido,Telefone sem linha
CH000122,2024-10-31,3,2,1,18.5,24.04,1,2,Software,N2,Resolvido,Equipamento não liga
CH000123,2024-10-15,6,3,3,10.95,34.56,4,10,Telefonia,N3,Em andamento,Erro ao acessar sistema
CH000124,2024-04-05,3,3,1,4.1,51.21,2,10,Software,N3,Resolvido,Erro ao acessar sistema
CH000125,2023-06-08,5,1,3,6.29,20.48,3,6,Rede,N1,Em andamento,Telefone sem linha
CH000126,2023-10-03,5,4,1,21.59,45.73,5,1,Rede,N4,Resolvido,Solicitação de acesso a rede
CH000127,2023-04-08,6,1,4,4.06,9.98,3,9,Telefonia,N1,Aberto,Configuração de novo equipamento
CH000128,2024-07-09,1,1,1,10.47,19.25,2,9,Hardware,N1,Resolvido,Configuração de novo equipamento
CH000129,2023-01-30,5,2,1,5.06,16.04,5,3,Rede,N2,Resolvido,Solicitação de manutenção preventiva
CH000130,2024-01-31,1,1,3,1.97,27.02,3,4,Hardware,N1,Em andamento,Troca de cartucho de impressora
CH000131,2023-06-06,6,2,1,1.48,33.84,3,8,Telefonia,N2,Resolvido,Hardware defeituoso
CH000132,2024-05-29,5,2,1,4.51,76.31,1,3,Rede,N2,Resolvido,Solicitação de manutenção preventiva
CH000133,2023-09-06,6,1,1,18.92,57.42,2,2,Telefonia,N1,Resolvido,Equipamento não liga
CH000134,2024-08-18,2,2,1,4.97,72.44,3,2,Acessos,N2,Resolvido,Equipamento não liga
CH000135,2023-11-29,2,1,1,22.08,63.48,4,6,Acessos,N1,Resolvido,Telefone sem linha
CH000136,2023-08-09,5,1,1,18.99,5.289,1,9,Rede,N1,Resolvido,Configuração de novo equipamento
CH000137,2024-04-19,4,2,4,11.2,14.51,4,1,Impressoras,N2,Aberto,Solicitação de acesso a rede
CH000138,2023-06-16,2,1,3,18.03,22.66,5,9,Acessos,N1,Em andamento,Configuração de novo equipamento
CH000139,2023-01-30,1,4,2,20.91,66.69,1,2,Hardware,N4,Cancelado,Equipamento não liga
CH000140,2023-07-22,5,2,2,8.14,13.18,2,2,Rede,N2,Cancelado,Equipamento não liga
CH000141,2023-01-08,4,4,1,13.52,55.41,1,3,Impressoras,N4,Resolvido,Solicitação de manutenção preventiva
CH000142,2024-02-12,2,3,1,16.86,39.34,5,6,Acessos,N3,Resolvido,Telefone sem linha
CH000143,2024-09-27,3,2,3,8.58,61.37,5,2,Software,N2,Em andamento,Equipamento não liga
CH000144,2024-08-30,1,4,1,11.99,70.24,2,8,Hardware,N4,Resolvido,Hardware defeituoso
CH000145,2024-02-17,3,1,1,13.14,47.99,5,6,Software,N1,Resolvido,Telefone sem linha
CH000146,2024-04-01,1,1,1,4.05,16.69,3,8,Hardware,N1,Resolvido,Hardware defeituoso
CH000147,2024-01-26,6,1,1,1.15,4.9,1,8,Telefonia,N1,Resolvido,Hardware defeituoso
CH000148,2024-06-10,5,1,1,23.28,90.72,4,8,Rede,N1,Resolvido,Hardware defeituoso
CH000149,2023-12-26,3,1,1,12.6,64.44,2,7,Software,N1,Resolvido,Atualização de software necessária
CH000150,2023-07-16,4,1,1,2.84,50.17,2,2,Impressoras,N1,Resolvido,Equipamento não liga
CH000151,2024-05-01,2,3,1,5.91,63.81,5,5,Acessos,N3,Resolvido,Problema na conexão Wi-Fi
CH000152,2024-04-05,5,1,3,23.75,44.31,1,5,Rede,N1,Em andamento,Problema na conexão Wi-Fi
CH000153,2023-01-15,2,1,4,3.19,25.89,1,9,Acessos,N1,Aberto,Configuração de novo equipamento
CH000154,2024-05-03,2,3,4,5.46,59.37,5,5,Acessos,N3,Aberto,Problema na conexão Wi-Fi
CH000155,2023-03-05,1,2,1,21.27,56.59,2,10,Hardware,N2,Resolvido,Erro ao acessar sistema
CH000156,2023-01-14,4,3,1,2.65,16.84,2,3,Impressoras,N3,Resolvido,Solicitação de manutenção preventiva
CH000157,2024-09-25,3,2,4,18.49,24.14,4,8,Software,N2,Aberto,Hardware defeituoso
CH000158,2023-06-24,5,1,1,18.28,7.955,1,3,Rede,N1,Resolvido,Solicitação de manutenção preventiva
CH000159,2024-06-17,5,2,1,22.98,48.3,4,2,Rede,N2,Resolvido,Equipamento não liga
CH000160,2023-07-13,3,1,1,13.07,60.02,2,1,Software,N1,Resolvido,Solicitação de acesso a rede
CH000161,2023-10-31,6,1,1,5.27,37.87,2,5,Telefonia,N1,Resolvido,Problema na conexão Wi-Fi
CH000162,2023-05-07,4,1,1,20.59,66.22,2,1,Impressoras,N1,Resolvido,Solicitação de acesso a rede
CH000163,2024-04-05,1,1,1,1.93,31.6,3,1,Hardware,N1,Resolvido,Solicitação de acesso a rede
CH000164,2024-05-09,6,3,4,9.25,16.53,1,10,Telefonia,N3,Aberto,Erro ao acessar sistema
CH000165,2024-08-29,2,2,1,19.74,53.98,4,6,Acessos,N2,Resolvido,Telefone sem linha
CH000166,2024-04-06,3,1,1,10.93,42.42,3,3,Software,N1,Resolvido,Solicitação de manutenção preventiva
CH000167,2024-06-20,4,2,1,6.33,35.41,4,1,Impressoras,N2,Resolvido,Solicitação de acesso a rede
CH000168,2024-02-21,5,2,1,0.71,19.35,5,1,Rede,N2,Resolvido,Solicitação de acesso a rede
CH000169,2024-03-23,3,2,1,2.35,6.917,2,3,Software,N2,Resolvido,Solicitação de manutenção preventiva
CH000170,2024-02-09,4,1,1,2.03,36.51,4,7,Impressoras,N1,Resolvido,Atualização de software necessária
CH000171,2023-10-11,5,2,3,12.16,75.47,3,4,Rede,N2,Em andamento,Troca de cartucho de impressora
CH000172,2023-01-31,3,2,1,14.53,36.11,5,7,Software,N2,Resolvido,Atualização de software necessária
CH000173,2023-04-24,6,1,1,12.27,57.58,4,5,Telefonia,N1,Resolvido,Problema na conexão Wi-Fi
CH000174,2024-07-02,5,1,1,16.66,63.95,3,10,Rede,N1,Resolvido,Erro ao acessar sistema
CH000175,2023-12-15,2,3,1,0.76,5.68,5,2,Acessos,N3,Resolvido,Equipamento não liga
CH000176,2024-05-26,1,3,3,1.69,43.05,1,7,Hardware,N3,Em andamento,Atualização de software necessária
CH000177,2023-10-02,1,4,2,8.77,48.62,3,6,Hardware,N4,Cancelado,Telefone sem linha
CH000178,2024-06-11,1,2,1,10.21,61.59,4,2,Hardware,N2,Resolvido,Equipamento não liga
CH000179,2024-03-31,6,1,1,12.58,25.73,4,3,Telefonia,N1,Resolvido,Solicitação de manutenção preventiva
CH000180,2023-04-20,3,1,1,4.88,47.98,4,7,Software,N1,Resolvido,Atualização de software necessária
CH000181,2024-03-06,3,2,3,19.35,55.58,4,9,Software,N2,Em andamento,Configuração de novo equipamento
CH000182,2023-07-22,3,1,1,6.51,17.93,3,10,Software,N1,Resolvido,Erro ao acessar sistema
CH000183,2023-01-12,5,3,1,20.07,49.09,3,10,Rede,N3,Resolvido,Erro ao acessar sistema
CH000184,2024-02-25,4,1,1,8.51,52.44,4,6,Impressoras,N1,Resolvido,Telefone sem linha
CH000185,2024-05-08,5,1,2,13.93,8.263,3,4,Rede,N1,Cancelado,Troca de cartucho de impressora
CH000186,2024-10-27,5,4,1,1.39,35.38,4,1,Rede,N4,Resolvido,Solicitação de acesso a rede
CH000187,2023-01-13,6,1,1,1.91,29.18,3,4,Telefonia,N1,Resolvido,Troca de cartucho de impressora
CH000188,2024-02-09,6,2,1,0.87,71.94,5,3,Telefonia,N2,Resolvido,Solicitação de manutenção preventiva
CH000189,2023-10-22,3,1,1,11.01,78.59,2,6,Software,N1,Resolvido,Telefone sem linha
CH000190,2023-04-11,6,1,1,7.47,32.39,3,7,Telefonia,N1,Resolvido,Atualização de software necessária
CH000191,2023-08-25,5,1,1,7.06,30.57,1,4,Rede,N1,Resolvido,Troca de cartucho de impressora
CH000192,2023-11-30,1,2,1,15.61,72.13,3,5,Hardware,N2,Resolvido,Problema na conexão Wi-Fi
CH000193,2024-04-21,6,1,1,11.47,73.38,1,4,Telefonia,N1,Resolvido,Troca de cartucho de impressora
CH000194,2023-10-05,4,2,1,18.84,83.94,1,6,Impressoras,N2,Resolvido,Telefone sem linha
CH000195,2024-08-13,2,2,1,6.21,55.94,2,2,Acessos,N2,Resolvido,Equipamento não liga
CH000196,2024-10-08,6,1,1,23.47,28.02,1,3,Telefonia,N1,Resolvido,Solicitação de manutenção preventiva
CH000197,2023-06-05,1,2,1,9.23,14.14,1,3,Hardware,N2,Resolvido,Solicitação de manutenção preventiva
CH000198,2023-10-21,1,1,1,12.31,81.22,2,4,Hardware,N1,Resolvido,Troca de cartucho de impressora
CH000199,2023-08-14,3,2,3,12.97,6.81,1,4,Software,N2,Em andamento,Troca de cartucho de impressora
CH000200,2023-01-04,5,1,1,16.11,47.46,4,9,Rede,N1,Resolvido,Configuração de novo equipamento
CH000201,2024-03-05,6,1,1,9.2,53.17,1,7,Telefonia,N1,Resolvido,Atualização de software necessária
CH000202,2023-07-10,3,3,3,7.24,6.814,5,2,Software,N3,Em andamento,Equipamento não liga
CH000203,2024-09-29,5,1,3,17.96,22.18,3,5,Rede,N1,Em andamento,Problema na conexão Wi-Fi
CH000204,2023-09-10,2,1,1,18.22,49.83,2,6,Acessos,N1,Resolvido,Telefone sem linha
CH000205,2023-01-04,1,1,3,3.93,69.23,5,4,Hardware,N1,Em andamento,Troca de cartucho de impressora
CH000206,2023-04-27,2,2,1,1.25,28.62,1,2,Acessos,N2,Resolvido,Equipamento não liga
CH000207,2024-05-27,6,1,4,15.4,23.41,5,6,Telefonia,N1,Aberto,Telefone sem linha
CH000208,2023-04-18,5,1,1,7.17,62.19,5,9,Rede,N1,Resolvido,Configuração de novo equipamento
CH000209,2024-05-20,3,2,1,9.21,7.005,2,1,Software,N2,Resolvido,Solicitação de acesso a rede
CH000210,2023-12-08,6,2,3,3.38,62.23,5,8,Telefonia,N2,Em andamento,Hardware defeituoso
CH000211,2024-09-10,3,1,1,10.41,37.56,4,9,Software,N1,Resolvido,Configuração de novo equipamento
CH000212,2023-07-26,6,3,1,17.02,54.23,4,5,Telefonia,N3,Resolvido,Problema na conexão Wi-Fi
CH000213,2024-05-03,4,1,2,6.93,8.77,1,6,Impressoras,N1,Cancelado,Telefone sem linha
CH000214,2024-04-18,6,2,1,10.55,7.057,1,6,Telefonia,N2,Resolvido,Telefone sem linha
CH000215,2023-08-12,5,3,1,18.5,22.98,3,6,Rede,N3,Resolvido,Telefone sem linha
CH000216,2023-04-13,3,1,4,7.29,19.08,5,3,Software,N1,Aberto,Solicitação de manutenção preventiva
CH000217,2023-07-29,5,4,4,3.04,19.47,3,8,Rede,N4,Aberto,Hardware defeituoso
CH000218,2023-02-05,3,2,1,10.29,47.67,2,3,Software,N2,Resolvido,Solicitação de manutenção preventiva
CH000219,2024-04-29,4,1,1,22.12,41.48,2,2,Impressoras,N1,Resolvido,Equipamento não liga
CH000220,2023-11-10,4,1,1,12.84,29.61,1,2,Impressoras,N1,Resolvido,Equipamento não liga
CH000221,2024-05-13,4,2,1,11.21,41.25,5,6,Impressoras,N2,Resolvido,Telefone sem linha
CH000222,2024-09-16,6,2,1,6.18,15.67,5,1,Telefonia,N2,Resolvido,Solicitação de acesso a rede
CH000223,2023-06-24,2,1,1,13.18,55.32,2,6,Acessos,N1,Resolvido,Telefone sem linha
CH000224,2023-04-17,3,1,1,23.59,49.12,5,3,Software,N1,Resolvido,Solicitação de manutenção preventiva
CH000225,2023-10-15,3,2,1,11.47,82.77,1,6,Software,N2,Resolvido,Telefone sem linha
CH000226,2024-06-09,6,1,1,18.72,30.43,4,4,Telefonia,N1,Resolvido,Troca de cartucho de impressora
CH000227,2023-09-02,5,3,1,7.46,37.56,4,8,Rede,N3,Resolvido,Hardware defeituoso
CH000228,2023-10-30,5,1,1,20.63,76.5,2,4,Rede,N1,Resolvido,Troca de cartucho de impressora
CH000229,2023-04-01,4,1,4,6.08,53.25,3,6,Impressoras,N1,Aberto,Telefone sem linha
CH000230,2023-05-23,4,1,3,9.69,73.45,4,3,Impressoras,N1,Em andamento,Solicitação de manutenção preventiva
CH000231,2024-03-17,1,2,1,19.84,34.62,3,2,Hardware,N2,Resolvido,Equipamento não liga
CH000232,2023-03-04,1,2,4,15.12,46.51,1,10,Hardware,N2,Aberto,Erro ao acessar sistema
CH000233,2024-01-08,5,1,3,18.36,49.76,2,9,Rede,N1,Em andamento,Configuração de novo equipamento
CH000234,2024-08-29,6,1,4,0.81,39.23,2,6,Telefonia,N1,Aberto,Telefone sem linha
CH000235,2023-06-03,3,2,1,22.77,53.75,1,9,Software,N2,Resolvido,Configuração de novo equipamento
CH000236,2023-04-12,6,1,1,20.22,50.7,5,8,Telefonia,N1,Resolvido,Hardware defeituoso
CH000237,2023-05-09,6,2,3,23.17,64.03,5,6,Telefonia,N2,Em andamento,Telefone sem linha
CH000238,2024-06-29,4,4,3,21.2,43.71,1,10,Impressoras,N4,Em andamento,Erro ao acessar sistema
CH000239,2023-06-25,1,1,1,17.14,44.74,2,7,Hardware,N1,Resolvido,Atualização de software necessária
CH000240,2023-08-15,4,2,1,10.0,22.64,1,8,Impressoras,N2,Resolvido,Hardware defeituoso
CH000241,2024-03-29,5,1,1,7.5,60.84,2,3,Rede,N1,Resolvido,Solicitação de manutenção preventiva
CH000242,2024-05-11,2,3,1,2.88,8.01,5,2,Acessos,N3,Resolvido,Equipamento não liga
CH000243,2023-10-12,3,1,4,5.71,20.49,5,10,Software,N1,Aberto,Erro ao acessar sistema
CH000244,2024-09-08,6,3,3,8.79,47.54,3,9,Telefonia,N3,Em andamento,Configuração de novo equipamento
CH000245,2024-07-04,4,2,4,20.39,33.57,4,5,Impressoras,N2,Aberto,Problema na conexão Wi-Fi
CH000246,2023-03-26,1,1,4,16.54,43.98,2,7,Hardware,N1,Aberto,Atualização de software necessária
CH000247,2023-05-01,2,4,3,21.58,66.49,3,6,Acessos,N4,Em andamento,Telefone sem linha
CH000248,2024-06-07,4,2,1,2.3,16.48,5,2,Impressoras,N2,Resolvido,Equipamento não liga
CH000249,2024-04-24,4,1,1,12.7,36.26,4,2,Impressoras,N1,Resolvido,Equipamento não liga
CH000250,2024-03-21,3,2,1,20.47,51.75,3,1,Software,N2,Resolvido,Solicitação de acesso a rede
CH000251,2023-12-29,1,2,2,17.44,82.78,3,3,Hardware,N2,Cancelado,Solicitação de manutenção preventiva
CH000252,2023-02-15,4,3,1,19.75,60.14,2,9,Impressoras,N3,Resolvido,Configuração de novo equipamento
CH000253,2023-07-30,1,3,4,0.52,1.59,4,8,Hardware,N3,Aberto,Hardware defeituoso
CH000254,2023-03-06,4,1,1,23.48,51.29,4,3,Impressoras,N1,Resolvido,Solicitação de manutenção preventiva
CH000255,2023-01-22,5,2,1,6.51,29.35,4,6,Rede,N2,Resolvido,Telefone sem linha
CH000256,2023-08-22,5,1,4,18.79,68.37,1,1,Rede,N1,Aberto,Solicitação de acesso a rede
CH000257,2024-02-22,4,1,3,14.87,26.36,1,6,Impressoras,N1,Em andamento,Telefone sem linha
CH000258,2023-05-19,3,1,1,10.77,58.2,2,6,Software,N1,Resolvido,Telefone sem linha
CH000259,2023-04-18,1,1,3,11.26,20.09,5,5,Hardware,N1,Em andamento,Problema na conexão Wi-Fi
CH000260,2023-11-28,4,1,3,20.42,3.793,4,8,Impressoras,N1,Em andamento,Hardware defeituoso
CH000261,2024-10-31,1,1,1,21.69,45.78,5,1,Hardware,N1,Resolvido,Solicitação de acesso a rede
CH000262,2024-07-01,1,2,1,3.92,48.98,5,7,Hardware,N2,Resolvido,Atualização de software necessária
CH000263,2023-10-08,2,1,1,19.18,7.828,3,6,Acessos,N1,Resolvido,Telefone sem linha
CH000264,2024-02-09,4,1,1,1.46,6.539,4,1,Impressoras,N1,Resolvido,Solicitação de acesso a rede
CH000265,2023-10-06,4,2,2,12.4,17.47,1,4,Impressoras,N2,Cancelado,Troca de cartucho de impressora
CH000266,2024-05-12,4,1,4,20.17,35.47,1,6,Impressoras,N1,Aberto,Telefone sem linha
CH000267,2023-09-08,2,1,1,23.73,36.69,4,9,Acessos,N1,Resolvido,Configuração de novo equipamento
CH000268,2023-08-09,1,1,1,6.52,33.5,2,1,Hardware,N1,Resolvido,Solicitação de acesso a rede
CH000269,2023-09-01,3,1,1,22.19,54.16,5,5,Software,N1,Resolvido,Problema na conexão Wi-Fi
CH000270,2024-06-14,4,1,4,12.51,83.79,2,3,Impressoras,N1,Aberto,Solicitação de manutenção preventiva
CH000271,2023-04-21,4,1,1,3.4,32.46,3,7,Impressoras,N1,Resolvido,Atualização de software necessária
CH000272,2023-06-19,4,1,1,18.3,52.8,3,5,Impressoras,N1,Resolvido,Problema na conexão Wi-Fi
CH000273,2024-03-15,4,3,1,13.53,21.86,1,5,Impressoras,N3,Resolvido,Problema na conexão Wi-Fi
CH000274,2023-09-14,3,1,1,16.06,78.64,1,4,Software,N1,Resolvido,Troca de cartucho de impressora
CH000275,2023-08-24,6,2,1,2.83,24.97,5,2,Telefonia,N2,Resolvido,Equipamento não liga
CH000276,2023-11-17,1,1,1,22.1,71.91,5,5,Hardware,N1,Resolvido,Problema na conexão Wi-Fi
CH000277,2023-01-27,3,2,1,19.78,61.0,3,8,Software,N2,Resolvido,Hardware defeituoso
CH000278,2024-08-25,1,1,4,4.13,33.77,3,9,Hardware,N1,Aberto,Configuração de novo equipamento
CH000279,2024-09-09,3,3,1,11.63,12.76,1,7,Software,N3,Resolvido,Atualização de software necessária
CH000280,2023-08-31,2,1,1,6.05,71.47,5,1,Acessos,N1,Resolvido,Solicitação de acesso a rede
CH000281,2024-08-31,6,1,1,7.27,33.58,5,8,Telefonia,N1,Resolvido,Hardware defeituoso
CH000282,2023-09-05,3,1,1,14.79,65.52,3,4,Software,N1,Resolvido,Troca de cartucho de impressora
CH000283,2023-04-12,4,2,3,10.85,32.16,3,10,Impressoras,N2,Em andamento,Erro ao acessar sistema
CH000284,2023-11-01,4,3,1,11.33,7.742,2,8,Impressoras,N3,Resolvido,Hardware defeituoso
CH000285,2024-04-15,4,1,3,10.67,26.97,4,1,Impressoras,N1,Em andamento,Solicitação de acesso a rede
CH000286,2024-08-17,1,2,2,14.34,45.76,4,1,Hardware,N2,Cancelado,Solicitação de acesso a rede
CH000287,2024-05-04,4,1,1,14.77,59.31,3,3,Impressoras,N1,Resolvido,Solicitação de manutenção preventiva
CH000288,2023-11-29,6,4,1,18.64,65.14,4,2,Telefonia,N4,Resolvido,Equipamento não liga
CH000289,2023-07-18,1,3,3,23.18,9.136,2,1,Hardware,N3,Em andamento,Solicitação de acesso a rede
CH000290,2023-07-24,4,2,3,7.01,7.694,3,10,Impressoras,N2,Em andamento,Erro ao acessar sistema
CH000291,2023-02-08,3,4,1,11.96,60.26,5,3,Software,N4,Resolvido,Solicitação de manutenção preventiva
CH000292,2023-03-31,4,1,1,1.35,61.82,2,4,Impressoras,N1,Resolvido,Troca de cartucho de impressora
CH000293,2023-07-19,4,1,1,5.69,10.85,3,5,Impressoras,N1,Resolvido,Problema na conexão Wi-Fi
CH000294,2023-11-19,6,1,3,14.18,75.08,2,5,Telefonia,N1,Em andamento,Problema na conexão Wi-Fi
CH000295,2023-12-14,3,2,3,8.99,74.07,1,8,Software,N2,Em andamento,Hardware defeituoso
CH000296,2024-09-28,1,1,1,16.84,61.59,1,5,Hardware,N1,Resolvido,Problema na conexão Wi-Fi
CH000297,2023-08-25,2,1,1,16.45,33.83,5,7,Acessos,N1,Resolvido,Atualização de software necessária
CH000298,2023-04-22,5,2,4,17.94,6.393,5,2,Rede,N2,Aberto,Equipamento não liga
CH000299,2023-06-12,4,1,1,2.98,6.15,5,2,Impressoras,N1,Resolvido,Equipamento não liga
CH000300,2023-10-29,2,1,3,23.16,40.48,3,7,Acessos,N1,Em andamento,Atualização de software necessária
CH000301,2024-01-27,5,1,4,16.72,48.59,1,10,Rede,N1,Aberto,Erro ao acessar sistema
CH000302,2024-08-06,4,2,1,1.65,8.07,3,8,Impressoras,N2,Resolvido,Hardware defeituoso
CH000303,2024-05-25,6,1,3,11.86,46.64,1,10,Telefonia,N1,Em andamento,Erro ao acessar sistema
CH000304,2024-02-10,2,1,1,4.67,59.63,2,2,Acessos,N1,Resolvido,Equipamento não liga
CH000305,2023-02-07,6,1,1,6.35,42.86,4,2,Telefonia,N1,Resolvido,Equipamento não liga
CH000306,2024-03-26,5,3,1,6.21,45.46,4,1,Rede,N3,Resolvido,Solicitação de acesso a rede
CH000307,2024-09-25,5,1,4,23.22,33.8,1,3,Rede,N1,Aberto,Solicitação de manutenção preventiva
CH000308,2023-12-05,5,1,1,16.3,8.811,5,2,Rede,N1,Resolvido,Equipamento não liga
CH000309,2023-07-13,3,4,1,1.79,64.16,4,4,Software,N4,Resolvido,Troca de cartucho de impressora
CH000310,2023-01-12,1,1,1,15.41,70.05,4,8,Hardware,N1,Resolvido,Hardware defeituoso
CH000311,2023-03-31,1,1,1,15.76,38.2,4,4,Hardware,N1,Resolvido,Troca de cartucho de impressora
CH000312,2024-08-09,3,2,3,0.92,6.971,1,6,Software,N2,Em andamento,Telefone sem linha
CH000313,2024-02-23,4,4,3,7.82,44.85,2,7,Impressoras,N4,Em andamento,Atualização de software necessária
CH000314,2024-06-07,5,1,1,13.17,60.68,1,5,Rede,N1,Resolvido,Problema na conexão Wi-Fi
CH000315,2023-08-10,2,1,4,14.11,54.16,5,6,Acessos,N1,Aberto,Telefone sem linha
CH000316,2023-07-09,1,4,2,2.08,25.2,1,2,Hardware,N4,Cancelado,Equipamento não liga
CH000317,2024-09-15,1,2,1,12.88,21.08,2,10,Hardware,N2,Resolvido,Erro ao acessar sistema
CH000318,2024-10-18,4,2,1,10.56,14.69,5,5,Impressoras,N2,Resolvido,Problema na conexão Wi-Fi
CH000319,2024-08-28,6,3,1,8.24,62.08,4,2,Telefonia,N3,Resolvido,Equipamento não liga
CH000320,2023-02-19,3,3,1,18.52,70.59,4,8,Software,N3,Resolvido,Hardware defeituoso
CH000321,2023-07-22,4,1,1,5.0,6.41,1,4,Impressoras,N1,Resolvido,Troca de cartucho de impressora
CH000322,2023-05-10,6,2,1,2.15,70.78,5,1,Telefonia,N2,Resolvido,Solicitação de acesso a rede
CH000323,2023-09-03,5,1,3,14.19,55.19,3,3,Rede,N1,Em andamento,Solicitação de manutenção preventiva
CH000324,2024-10-09,1,1,3,9.1,29.78,4,4,Hardware,N1,Em andamento,Troca de cartucho de impressora
CH000325,2024-01-06,4,3,1,10.82,63.87,3,8,Impressoras,N3,Resolvido,Hardware defeituoso
CH000326,2024-03-17,3,1,1,15.54,20.78,5,10,Software,N1,Resolvido,Erro ao acessar sistema
CH000327,2023-05-02,6,1,4,13.24,29.29,4,7,Telefonia,N1,Aberto,Atualização de software necessária
CH000328,2024-05-08,2,1,1,11.98,32.79,2,3,Acessos,N1,Resolvido,Solicitação de manutenção preventiva
CH000329,2024-06-27,2,1,1,9.38,23.83,1,7,Acessos,N1,Resolvido,Atualização de software necessária
CH000330,2024-07-09,3,1,1,12.96,77.16,1,4,Software,N1,Resolvido,Troca de cartucho de impressora
CH000331,2023-07-29,5,1,1,20.0,32.06,5,9,Rede,N1,Resolvido,Configuração de novo equipamento
CH000332,2024-02-16,2,1,3,1.63,43.88,1,3,Acessos,N1,Em andamento,Solicitação de manutenção preventiva
CH000333,2023-10-21,3,1,1,17.9,83.57,1,2,Software,N1,Resolvido,Equipamento não liga
CH000334,2023-09-27,3,1,1,4.36,10.25,5,2,Software,N1,Resolvido,Equipamento não liga
CH000335,2024-09-20,2,4,1,20.8,61.59,5,4,Acessos,N4,Resolvido,Troca de cartucho de impressora
CH000336,2023-02-16,2,2,1,9.46,29.33,5,8,Acessos,N2,Resolvido,Hardware defeituoso
CH000337,2023-09-11,3,2,1,16.87,46.84,5,9,Software,N2,Resolvido,Configuração de novo equipamento
CH000338,2024-05-08,5,2,1,13.94,45.57,4,9,Rede,N2,Resolvido,Configuração de novo equipamento
CH000339,2024-10-27,4,1,1,12.6,60.03,3,3,Impressoras,N1,Resolvido,Solicitação de manutenção preventiva
CH000340,2023-07-22,4,1,1,16.57,35.12,3,2,Impressoras,N1,Resolvido,Equipamento não liga
CH000341,2023-02-11,4,2,1,17.59,73.66,5,2,Impressoras,N2,Resolvido,Equipamento não liga
CH000342,2024-06-23,5,1,4,7.42,12.28,4,9,Rede,N1,Aberto,Configuração de novo equipamento
CH000343,2023-04-18,6,2,4,11.01,32.68,3,8,Telefonia,N2,Aberto,Hardware defeituoso
CH000344,2023-04-19,3,1,1,2.13,68.97,3,6,Software,N1,Resolvido,Telefone sem linha
CH000345,2023-05-25,6,1,3,6.83,69.36,3,9,Telefonia,N1,Em andamento,Configuração de novo equipamento
CH000346,2023-02-10,6,1,1,2.03,73.65,2,8,Telefonia,N1,Resolvido,Hardware defeituoso
CH000347,2024-02-25,1,1,1,5.62,22.03,3,10,Hardware,N1,Resolvido,Erro ao acessar sistema
CH000348,2023-09-07,2,2,1,19.24,66.47,5,6,Acessos,N2,Resolvido,Telefone sem linha
CH000349,2024-03-28,4,2,1,22.8,50.28,1,5,Impressoras,N2,Resolvido,Problema na conexão Wi-Fi
CH000350,2024-10-15,6,1,1,17.71,82.31,4,10,Telefonia,N1,Resolvido,Erro ao acessar sistema
CH000351,2024-03-07,2,4,1,10.31,24.25,5,8,Acessos,N4,Resolvido,Hardware defeituoso
CH000352,2023-04-22,2,1,1,8.18,55.3,2,7,Acessos,N1,Resolvido,Atualização de software necessária
CH000353,2023-01-17,3,1,1,4.34,48.0,2,6,Software,N1,Resolvido,Telefone sem linha
CH000354,2023-10-18,3,3,3,2.12,29.54,3,4,Software,N3,Em andamento,Troca de cartucho de impressora
CH000355,2024-01-18,3,2,4,11.33,62.3,4,1,Software,N2,Aberto,Solicitação de acesso a rede
CH000356,2023-05-11,5,1,1,15.13,54.96,3,9,Rede,N1,Resolvido,Configuração de novo equipamento
CH000357,2023-11-12,3,2,3,6.25,51.2,4,8,Software,N2,Em andamento,Hardware defeituoso
CH000358,2024-05-11,4,3,4,19.4,63.76,1,5,Impressoras,N3,Aberto,Problema na conexão Wi-Fi
CH000359,2023-02-06,5,1,2,17.6,77.17,2,1,Rede,N1,Cancelado,Solicitação de acesso a rede
CH000360,2023-04-27,6,2,1,6.85,46.61,1,4,Telefonia,N2,Resolvido,Troca de cartucho de impressora
CH000361,2023-06-26,2,1,1,6.12,46.19,1,6,Acessos,N1,Resolvido,Telefone sem linha
CH000362,2023-03-05,2,1,1,9.72,14.31,4,9,Acessos,N1,Resolvido,Configuração de novo equipamento
CH000363,2023-04-10,5,1,4,23.77,51.76,4,1,Rede,N1,Aberto,Solicitação de acesso a rede
CH000364,2023-07-07,5,3,1,11.18,50.08,2,10,Rede,N3,Resolvido,Erro ao acessar sistema
CH000365,2023-03-24,4,1,4,6.5,37.61,5,9,Impressoras,N1,Aberto,Configuração de novo equipamento
CH000366,2024-05-20,5,2,1,19.28,85.56,2,5,Rede,N2,Resolvido,Problema na conexão Wi-Fi
CH000367,2023-07-14,5,3,4,19.41,62.58,1,4,Rede,N3,Aberto,Troca de cartucho de impressora
CH000368,2023-05-19,6,3,1,7.27,18.29,1,2,Telefonia,N3,Resolvido,Equipamento não liga
CH000369,2023-03-21,2,2,1,23.18,83.05,1,8,Acessos,N2,Resolvido,Hardware defeituoso
CH000370,2023-09-05,3,1,1,17.55,42.28,3,5,Software,N1,Resolvido,Problema na conexão Wi-Fi
CH000371,2023-05-13,5,1,4,23.06,35.18,5,2,Rede,N1,Aberto,Equipamento não liga
CH000372,2023-01-19,1,1,1,2.26,38.26,4,2,Hardware,N1,Resolvido,Equipamento não liga
CH000373,2023-01-31,4,1,3,11.82,67.9,5,7,Impressoras,N1,Em andamento,Atualização de software necessária
CH000374,2023-08-29,5,3,1,9.37,35.83,2,5,Rede,N3,Resolvido,Problema na conexão Wi-Fi
CH000375,2024-03-22,1,3,3,17.79,49.48,5,6,Hardware,N3,Em andamento,Telefone sem linha
CH000376,2023-12-18,4,2,3,5.82,18.6,5,3,Impressoras,N2,Em andamento,Solicitação de manutenção preventiva
CH000377,2024-06-13,2,1,3,17.52,66.11,5,5,Acessos,N1,Em andamento,Problema na conexão Wi-Fi
CH000378,2023-05-13,2,1,1,22.9,67.68,2,2,Acessos,N1,Resolvido,Equipamento não liga
CH000379,2024-07-26,1,2,1,15.57,8.361,4,7,Hardware,N2,Resolvido,Atualização de software necessária
CH000380,2024-01-28,4,2,3,10.02,55.11,2,4,Impressoras,N2,Em andamento,Troca de cartucho de impressora
CH000381,2024-08-17,5,3,3,17.98,19.83,1,10,Rede,N3,Em andamento,Erro ao acessar sistema
CH000382,2024-10-19,4,2,1,3.36,69.24,4,3,Impressoras,N2,Resolvido,Solicitação de manutenção preventiva
CH000383,2024-09-10,2,1,1,6.55,21.93,2,5,Acessos,N1,Resolvido,Problema na conexão Wi-Fi
CH000384,2023-08-06,5,3,1,5.77,74.61,4,8,Rede,N3,Resolvido,Hardware defeituoso
CH000385,2023-08-13,1,3,1,19.69,90.12,5,7,Hardware,N3,Resolvido,Atualização de software necessária
CH000386,2024-07-28,2,1,3,14.35,67.67,5,9,Acessos,N1,Em andamento,Configuração de novo equipamento
CH000387,2024-09-02,4,1,1,4.42,54.8,4,5,Impressoras,N1,Resolvido,Problema na conexão Wi-Fi
CH000388,2024-04-29,6,1,1,9.34,12.8,2,7,Telefonia,N1,Resolvido,Atualização de software necessária
CH000389,2024-08-21,4,1,1,21.36,39.95,5,6,Impressoras,N1,Resolvido,Telefone sem linha
CH000390,2023-04-04,6,1,1,22.82,72.69,2,1,Telefonia,N1,Resolvido,Solicitação de acesso a rede
CH000391,2024-05-16,3,2,3,21.33,31.52,3,6,Software,N2,Em andamento,Telefone sem linha
CH000392,2024-03-16,4,1,1,22.67,27.52,3,4,Impressoras,N1,Resolvido,Troca de cartucho de impressora
CH000393,2023-02-25,1,1,3,21.71,57.42,3,7,Hardware,N1,Em andamento,Atualização de software necessária
CH000394,2024-03-28,3,4,1,4.2,23.4,2,1,Software,N4,Resolvido,Solicitação de acesso a rede
CH000395,2023-04-14,2,1,1,16.85,78.25,2,7,Acessos,N1,Resolvido,Atualização de software necessária
CH000396,2023-07-15,6,3,1,8.05,71.27,5,8,Telefonia,N3,Resolvido,Hardware defeituoso
CH000397,2023-11-16,4,1,3,21.03,72.07,4,8,Impressoras,N1,Em andamento,Hardware defeituoso
CH000398,2023-10-07,1,1,1,8.46,24.41,3,1,Hardware,N1,Resolvido,Solicitação de acesso a rede
CH000399,2023-04-04,6,1,2,4.48,55.91,2,5,Telefonia,N1,Cancelado,Problema na conexão Wi-Fi
CH000400,2023-09-24,2,1,1,7.64,52.83,2,5,Acessos,N1,Resolvido,Problema na conexão Wi-Fi
CH000401,2023-03-04,6,1,3,2.35,63.87,4,10,Telefonia,N1,Em andamento,Erro ao acessar sistema
CH000402,2024-04-07,6,1,1,14.31,23.34,4,10,Telefonia,N1,Resolvido,Erro ao acessar sistema
CH000403,2023-04-06,6,2,1,7.95,77.12,2,3,Telefonia,N2,Resolvido,Solicitação de manutenção preventiva
CH000404,2023-01-26,1,4,3,5.61,31.71,1,3,Hardware,N4,Em andamento,Solicitação de manutenção preventiva
CH000405,2023-03-25,1,1,1,8.45,79.59,1,7,Hardware,N1,Resolvido,Atualização de software necessária
CH000406,2023-08-10,4,3,1,23.49,26.88,1,2,Impressoras,N3,Resolvido,Equipamento não liga
CH000407,2024-03-09,4,2,2,10.86,75.42,1,9,Impressoras,N2,Cancelado,Configuração de novo equipamento
CH000408,2024-07-21,6,1,1,4.77,7.619,2,6,Telefonia,N1,Resolvido,Telefone sem linha
CH000409,2023-07-08,4,2,2,20.69,48.82,3,2,Impressoras,N2,Cancelado,Equipamento não liga
CH000410,2023-07-27,5,1,1,9.6,59.26,5,2,Rede,N1,Resolvido,Equipamento não liga
CH000411,2024-10-05,2,1,1,2.79,4.55,3,10,Acessos,N1,Resolvido,Erro ao acessar sistema
CH000412,2023-11-25,5,1,1,5.41,11.93,3,8,Rede,N1,Resolvido,Hardware defeituoso
CH000413,2023-02-27,3,1,4,1.86,25.04,5,1,Software,N1,Aberto,Solicitação de acesso a rede
CH000414,2023-03-27,1,2,1,8.69,68.81,3,2,Hardware,N2,Resolvido,Equipamento não liga
CH000415,2023-12-03,5,1,1,22.48,48.95,3,4,Rede,N1,Resolvido,Troca de cartucho de impressora
CH000416,2023-04-15,1,3,3,13.78,51.33,5,7,Hardware,N3,Em andamento,Atualização de software necessária
CH000417,2024-05-22,3,4,1,7.82,61.55,4,3,Software,N4,Resolvido,Solicitação de manutenção preventiva
CH000418,2024-01-30,1,2,1,17.78,77.23,2,2,Hardware,N2,Resolvido,Equipamento não liga
CH000419,2024-04-15,3,1,3,7.0,38.76,1,8,Software,N1,Em andamento,Hardware defeituoso
CH000420,2024-08-31,3,1,1,17.0,34.93,3,4,Software,N1,Resolvido,Troca de cartucho de impressora
CH000421,2023-10-07,5,1,1,16.65,18.77,3,4,Rede,N1,Resolvido,Troca de cartucho de impressora
CH000422,2023-06-02,6,1,1,12.58,34.2,3,8,Telefonia,N1,Resolvido,Hardware defeituoso
CH000423,2024-07-28,6,3,3,10.94,69.51,4,6,Telefonia,N3,Em andamento,Telefone sem linha
CH000424,2023-02-23,2,1,1,7.06,62.95,1,4,Acessos,N1,Resolvido,Troca de cartucho de impressora
CH000425,2023-11-11,3,1,1,11.22,18.05,3,2,Software,N1,Resolvido,Equipamento não liga
CH000426,2023-07-14,6,1,3,1.62,30.07,4,3,Telefonia,N1,Em andamento,Solicitação de manutenção preventiva
CH000427,2023-12-02,5,1,2,19.43,48.41,3,3,Rede,N1,Cancelado,Solicitação de manutenção preventiva
CH000428,2023-09-11,5,2,1,20.47,83.08,2,2,Rede,N2,Resolvido,Equipamento não liga
CH000429,2024-02-17,6,2,1,12.15,47.94,4,9,Telefonia,N2,Resolvido,Configuração de novo equipamento
CH000430,2024-03-23,2,1,1,6.16,56.73,3,4,Acessos,N1,Resolvido,Troca de cartucho de impressora
CH000431,2024-03-15,6,1,4,2.54,51.13,3,2,Telefonia,N1,Aberto,Equipamento não liga
CH000432,2024-03-27,4,4,4,6.74,17.22,4,9,Impressoras,N4,Aberto,Configuração de novo equipamento
CH000433,2024-05-06,2,1,1,2.64,28.38,5,2,Acessos,N1,Resolvido,Equipamento não liga
CH000434,2023-02-02,5,2,3,12.94,34.83,1,8,Rede,N2,Em andamento,Hardware defeituoso
CH000435,2023-06-23,4,1,1,5.7,48.46,2,1,Impressoras,N1,Resolvido,Solicitação de acesso a rede
CH000436,2024-09-22,5,1,3,19.39,57.03,2,4,Rede,N1,Em andamento,Troca de cartucho de impressora
CH000437,2024-07-15,4,2,3,5.98,29.26,3,2,Impressoras,N2,Em andamento,Equipamento não liga
CH000438,2024-06-07,5,2,4,22.57,57.67,4,10,Rede,N2,Aberto,Erro ao acessar sistema
CH000439,2024-10-30,6,1,1,12.66,81.05,4,7,Telefonia,N1,Resolvido,Atualização de software necessária
CH000440,2023-01-11,4,1,3,21.51,84.33,2,1,Impressoras,N1,Em andamento,Solicitação de acesso a rede
CH000441,2024-05-23,1,2,3,15.43,22.0,1,10,Hardware,N2,Em andamento,Erro ao acessar sistema
CH000442,2024-09-30,5,1,1,10.18,49.24,3,5,Rede,N1,Resolvido,Problema na conexão Wi-Fi
CH000443,2023-06-25,4,1,3,11.33,65.61,5,10,Impressoras,N1,Em andamento,Erro ao acessar sistema
CH000444,2024-08-17,1,2,4,8.68,71.44,2,9,Hardware,N2,Aberto,Configuração de novo equipamento
CH000445,2024-04-13,2,1,1,12.51,58.37,5,9,Acessos,N1,Resolvido,Configuração de novo equipamento
CH000446,2023-06-26,2,2,4,1.36,47.88,1,9,Acessos,N2,Aberto,Configuração de novo equipamento
CH000447,2024-02-04,3,1,1,6.97,65.48,2,6,Software,N1,Resolvido,Telefone sem linha
CH000448,2024-09-21,5,1,3,10.46,28.64,1,6,Rede,N1,Em andamento,Telefone sem linha
CH000449,2023-05-29,1,4,4,10.71,48.9,2,6,Hardware,N4,Aberto,Telefone sem linha
CH000450,2024-10-01,1,2,1,18.33,50.98,3,3,Hardware,N2,Resolvido,Solicitação de manutenção preventiva
CH000451,2023-05-17,1,1,4,23.68,33.68,5,5,Hardware,N1,Aberto,Problema na conexão Wi-Fi
CH000452,2023-08-07,5,1,1,9.71,36.69,4,7,Rede,N1,Resolvido,Atualização de software necessária
CH000453,2024-04-17,3,1,1,23.48,28.2,2,6,Software,N1,Resolvido,Telefone sem linha
CH000454,2024-02-06,5,1,3,15.08,34.08,1,1,Rede,N1,Em andamento,Solicitação de acesso a rede
CH000455,2023-07-15,1,1,1,20.65,62.94,2,4,Hardware,N1,Resolvido,Troca de cartucho de impressora
CH000456,2023-02-13,1,2,1,11.91,16.5,4,1,Hardware,N2,Resolvido,Solicitação de acesso a rede
CH000457,2023-10-18,6,1,1,2.14,22.5,3,1,Telefonia,N1,Resolvido,Solicitação de acesso a rede
CH000458,2024-10-30,3,1,1,14.57,81.0,5,9,Software,N1,Resolvido,Configuração de novo equipamento
CH000459,2023-07-15,4,1,1,18.3,85.19,2,2,Impressoras,N1,Resolvido,Equipamento não liga
CH000460,2023-11-04,4,3,1,5.14,60.39,4,9,Impressoras,N3,Resolvido,Configuração de novo equipamento
CH000461,2023-12-05,2,1,1,9.32,67.35,3,4,Acessos,N1,Resolvido,Troca de cartucho de impressora
CH000462,2023-05-11,2,1,1,5.19,21.58,4,1,Acessos,N1,Resolvido,Solicitação de acesso a rede
CH000463,2023-03-28,2,2,1,14.67,36.89,2,8,Acessos,N2,Resolvido,Hardware defeituoso
CH000464,2023-12-17,5,4,1,23.86,32.8,2,5,Rede,N4,Resolvido,Problema na conexão Wi-Fi
CH000465,2023-07-26,3,3,1,23.78,32.64,2,1,Software,N3,Resolvido,Solicitação de acesso a rede
CH000466,2023-12-06,2,1,1,16.11,69.65,2,8,Acessos,N1,Resolvido,Hardware defeituoso
CH000467,2023-12-09,1,1,1,2.9,50.12,3,5,Hardware,N1,Resolvido,Problema na conexão Wi-Fi
CH000468,2023-08-14,6,2,3,23.93,31.64,4,6,Telefonia,N2,Em andamento,Telefone sem linha
CH000469,2024-09-21,5,2,1,13.57,63.62,1,3,Rede,N2,Resolvido,Solicitação de manutenção preventiva
CH000470,2024-02-07,2,1,1,17.49,73.98,4,3,Acessos,N1,Resolvido,Solicitação de manutenção preventiva
CH000471,2024-10-20,5,1,1,3.04,6.721,2,4,Rede,N1,Resolvido,Troca de cartucho de impressora
CH000472,2024-06-27,6,1,3,8.47,75.38,5,2,Telefonia,N1,Em andamento,Equipamento não liga
CH000473,2024-07-24,2,2,1,12.9,57.0,3,10,Acessos,N2,Resolvido,Erro ao acessar sistema
CH000474,2024-03-24,6,1,1,13.2,66.98,4,3,Telefonia,N1,Resolvido,Solicitação de manutenção preventiva
CH000475,2023-06-16,5,1,3,18.83,82.52,4,6,Rede,N1,Em andamento,Telefone sem linha
CH000476,2024-01-10,2,1,1,12.13,33.51,4,7,Acessos,N1,Resolvido,Atualização de software necessária
CH000477,2024-03-10,3,1,2,18.64,42.33,1,9,Software,N1,Cancelado,Configuração de novo equipamento
CH000478,2023-05-06,5,2,1,10.88,15.88,5,8,Rede,N2,Resolvido,Hardware defeituoso
CH000479,2024-02-26,2,1,1,13.79,38.15,3,4,Acessos,N1,Resolvido,Troca de cartucho de impressora
CH000480,2024-06-12,3,1,3,11.84,63.92,3,8,Software,N1,Em andamento,Hardware defeituoso
CH000481,2024-02-28,4,2,1,22.95,33.23,3,1,Impressoras,N2,Resolvido,Solicitação de acesso a rede
CH000482,2024-04-16,1,1,1,23.9,9.052,3,5,Hardware,N1,Resolvido,Problema na conexão Wi-Fi
CH000483,2024-01-14,3,1,1,3.22,8.81,3,9,Software,N1,Resolvido,Configuração de novo equipamento
CH000484,2024-09-29,4,1,3,17.13,8.247,5,10,Impressoras,N1,Em andamento,Erro ao acessar sistema
CH000485,2023-06-03,4,2,1,22.8,92.58,3,8,Impressoras,N2,Resolvido,Hardware defeituoso
CH000486,2023-12-11,6,1,3,14.79,34.51,4,6,Telefonia,N1,Em andamento,Telefone sem linha
CH000487,2024-08-04,6,1,4,6.57,43.59,1,1,Telefonia,N1,Aberto,Solicitação de acesso a rede
CH000488,2023-09-12,5,2,1,23.33,46.84,4,4,Rede,N2,Resolvido,Troca de cartucho de impressora
CH000489,2024-06-04,4,2,1,6.1,16.23,2,9,Impressoras,N2,Resolvido,Configuração de novo equipamento
CH000490,2024-09-15,3,1,1,16.29,83.25,4,8,Software,N1,Resolvido,Hardware defeituoso
CH000491,2023-08-05,1,1,1,1.61,60.62,2,8,Hardware,N1,Resolvido,Hardware defeituoso
CH000492,2023-05-31,6,1,1,16.48,41.87,4,6,Telefonia,N1,Resolvido,Telefone sem linha
CH000493,2024-03-06,5,1,1,10.93,37.01,4,2,Rede,N1,Resolvido,Equipamento não liga
CH000494,2023-06-12,1,1,1,9.64,76.63,5,4,Hardware,N1,Resolvido,Troca de cartucho de impressora
CH000495,2023-04-18,2,2,1,9.96,17.53,3,5,Acessos,N2,Resolvido,Problema na conexão Wi-Fi
CH000496,2023-10-06,5,2,1,18.24,58.09,3,4,Rede,N2,Resolvido,Troca de cartucho de impressora
CH000497,2023-08-27,4,1,1,14.27,40.32,5,2,Impressoras,N1,Resolvido,Equipamento não liga
CH000498,2024-10-07,5,2,1,18.2,8.599,4,3,Rede,N2,Resolvido,Solicitação de manutenção preventiva
CH000499,2024-07-31,4,1,1,16.37,67.7,2,9,Impressoras,N1,Resolvido,Configuração de novo equipamento
CH000500,2023-01-17,1,1,1,6.79,54.22,3,2,Hardware,N1,Resolvido,Equipamento não liga
CH000501,2024-09-13,5,2,1,14.63,56.41,4,10,Rede,N2,Resolvido,Erro ao acessar sistema
CH000502,2023-09-15,2,1,4,8.62,22.34,2,3,Acessos,N1,Aberto,Solicitação de manutenção preventiva
CH000503,2023-02-01,2,1,1,6.15,14.83,2,6,Acessos,N1,Resolvido,Telefone sem linha
CH000504,2023-02-12,4,1,1,4.73,51.01,4,3,Impressoras,N1,Resolvido,Solicitação de manutenção preventiva
CH000505,2024-03-11,3,1,3,17.93,75.81,1,3,Software,N1,Em andamento,Solicitação de manutenção preventiva
CH000506,2023-11-04,4,1,1,18.22,25.29,5,7,Impressoras,N1,Resolvido,Atualização de software necessária
CH000507,2024-06-25,3,1,3,13.96,49.18,3,9,Software,N1,Em andamento,Configuração de novo equipamento
CH000508,2023-09-10,3,2,1,17.13,27.72,2,4,Software,N2,Resolvido,Troca de cartucho de impressora
CH000509,2023-03-25,6,3,4,18.75,87.67,5,9,Telefonia,N3,Aberto,Configuração de novo equipamento
CH000510,2024-05-20,2,1,1,15.25,62.82,1,4,Acessos,N1,Resolvido,Troca de cartucho de impressora
CH000511,2023-07-05,2,1,1,9.71,30.0,5,2,Acessos,N1,Resolvido,Equipamento não liga
CH000512,2024-10-10,5,1,3,8.65,31.47,4,5,Rede,N1,Em andamento,Problema na conexão Wi-Fi
CH000513,2023-10-23,2,1,1,13.6,84.53,5,10,Acessos,N1,Resolvido,Erro ao acessar sistema
CH000514,2023-04-28,1,2,1,20.63,46.12,1,4,Hardware,N2,Resolvido,Troca de cartucho de impressora
CH000515,2023-01-08,3,1,2,10.42,24.32,3,9,Software,N1,Cancelado,Configuração de novo equipamento
CH000516,2024-10-16,1,1,1,7.11,69.3,5,9,Hardware,N1,Resolvido,Configuração de novo equipamento
CH000517,2023-11-12,5,1,1,16.72,23.36,2,5,Rede,N1,Resolvido,Problema na conexão Wi-Fi
CH000518,2023-04-03,2,1,1,1.16,17.14,4,9,Acessos,N1,Resolvido,Configuração de novo equipamento
CH000519,2023-11-27,4,1,3,20.9,37.37,4,4,Impressoras,N1,Em andamento,Troca de cartucho de impressora
CH000520,2024-07-17,3,1,1,14.04,25.43,1,1,Software,N1,Resolvido,Solicitação de acesso a rede
CH000521,2024-07-17,6,1,1,17.81,19.77,4,4,Telefonia,N1,Resolvido,Troca de cartucho de impressora
CH000522,2024-03-23,3,1,1,8.97,28.4,1,4,Software,N1,Resolvido,Troca de cartucho de impressora
CH000523,2023-04-08,2,1,1,7.33,67.56,1,10,Acessos,N1,Resolvido,Erro ao acessar sistema
CH000524,2023-02-08,5,3,1,11.89,82.94,4,8,Rede,N3,Resolvido,Hardware defeituoso
CH000525,2023-06-05,1,1,4,6.7,68.21,3,5,Hardware,N1,Aberto,Problema na conexão Wi-Fi
CH000526,2023-03-12,2,2,4,4.47,67.72,1,3,Acessos,N2,Aberto,Solicitação de manutenção preventiva
CH000527,2023-09-14,4,1,1,13.56,65.44,2,9,Impressoras,N1,Resolvido,Configuração de novo equipamento
CH000528,2024-10-07,2,1,1,4.17,75.51,2,7,Acessos,N1,Resolvido,Atualização de software necessária
CH000529,2024-03-29,2,1,1,23.27,69.16,4,1,Acessos,N1,Resolvido,Solicitação de acesso a rede
CH000530,2024-07-15,2,2,4,19.01,85.78,2,2,Acessos,N2,Aberto,Equipamento não liga
CH000531,2024-07-02,4,2,1,6.33,65.56,5,8,Impressoras,N2,Resolvido,Hardware defeituoso
CH000532,2024-06-29,5,1,1,10.52,45.22,5,2,Rede,N1,Resolvido,Equipamento não liga
CH000533,2023-02-14,1,2,1,19.27,66.86,3,8,Hardware,N2,Resolvido,Hardware defeituoso
CH000534,2023-07-30,2,1,1,5.64,21.35,5,9,Acessos,N1,Resolvido,Configuração de novo equipamento
CH000535,2023-09-02,1,1,1,12.98,41.72,3,1,Hardware,N1,Resolvido,Solicitação de acesso a rede
CH000536,2023-01-02,1,1,3,7.35,21.38,4,7,Hardware,N1,Em andamento,Atualização de software necessária
CH000537,2023-03-11,5,1,1,17.82,59.01,4,4,Rede,N1,Resolvido,Troca de cartucho de impressora
CH000538,2023-12-06,4,1,1,18.59,33.66,2,10,Impressoras,N1,Resolvido,Erro ao acessar sistema
CH000539,2023-10-23,6,3,1,14.84,44.33,5,6,Telefonia,N3,Resolvido,Telefone sem linha
CH000540,2023-05-13,3,2,1,9.3,71.25,4,8,Software,N2,Resolvido,Hardware defeituoso
CH000541,2024-04-19,2,4,1,17.7,78.24,1,7,Acessos,N4,Resolvido,Atualização de software necessária
CH000542,2024-03-26,1,3,1,7.45,60.38,5,7,Hardware,N3,Resolvido,Atualização de software necessária
CH000543,2023-07-31,3,2,3,4.88,19.45,3,2,Software,N2,Em andamento,Equipamento não liga
CH000544,2024-07-21,2,2,1,17.81,54.92,2,8,Acessos,N2,Resolvido,Hardware defeituoso
CH000545,2024-03-28,6,1,1,11.58,22.88,4,3,Telefonia,N1,Resolvido,Solicitação de manutenção preventiva
CH000546,2024-08-20,4,1,3,7.17,43.26,4,1,Impressoras,N1,Em andamento,Solicitação de acesso a rede
CH000547,2024-08-16,5,1,1,22.22,81.87,2,8,Rede,N1,Resolvido,Hardware defeituoso
CH000548,2023-07-03,6,1,1,8.68,21.54,4,2,Telefonia,N1,Resolvido,Equipamento não liga
CH000549,2023-11-06,1,2,3,9.11,66.43,5,9,Hardware,N2,Em andamento,Configuração de novo equipamento
CH000550,2024-05-01,4,1,1,19.73,36.93,4,8,Impressoras,N1,Resolvido,Hardware defeituoso
CH000551,2023-11-22,2,2,2,8.01,13.23,5,2,Acessos,N2,Cancelado,Equipamento não liga
CH000552,2023-01-11,1,1,1,5.26,32.04,5,2,Hardware,N1,Resolvido,Equipamento não liga
CH000553,2023-07-26,6,2,1,15.01,30.33,4,6,Telefonia,N2,Resolvido,Telefone sem linha
CH000554,2024-06-26,5,1,1,5.05,7.361,4,7,Rede,N1,Resolvido,Atualização de software necessária
CH000555,2023-11-17,5,1,4,21.1,9.214,2,6,Rede,N1,Aberto,Telefone sem linha
CH000556,2024-10-26,3,2,1,14.15,69.41,4,1,Software,N2,Resolvido,Solicitação de acesso a rede
CH000557,2023-09-19,6,2,4,18.11,22.34,1,1,Telefonia,N2,Aberto,Solicitação de acesso a rede
CH000558,2024-04-30,1,2,3,11.78,40.94,2,5,Hardware,N2,Em andamento,Problema na conexão Wi-Fi
CH000559,2023-12-24,1,1,3,6.48,47.59,4,2,Hardware,N1,Em andamento,Equipamento não liga
CH000560,2023-02-07,2,1,1,19.82,26.01,4,1,Acessos,N1,Resolvido,Solicitação de acesso a rede
CH000561,2023-06-14,6,2,1,21.3,82.06,1,9,Telefonia,N2,Resolvido,Configuração de novo equipamento
CH000562,2024-09-19,3,2,3,13.2,56.92,1,5,Software,N2,Em andamento,Problema na conexão Wi-Fi
CH000563,2023-02-21,4,1,1,1.13,43.11,4,7,Impressoras,N1,Resolvido,Atualização de software necessária
CH000564,2023-06-19,6,3,3,6.28,27.2,4,2,Telefonia,N3,Em andamento,Equipamento não liga
CH000565,2023-07-13,3,3,1,14.9,42.94,5,5,Software,N3,Resolvido,Problema na conexão Wi-Fi
CH000566,2024-07-29,3,1,1,11.83,75.03,1,5,Software,N1,Resolvido,Problema na conexão Wi-Fi
CH000567,2023-10-14,3,1,3,5.83,63.18,3,7,Software,N1,Em andamento,Atualização de software necessária
CH000568,2023-03-31,2,1,1,5.27,29.66,3,3,Acessos,N1,Resolvido,Solicitação de manutenção preventiva
CH000569,2024-04-02,2,1,1,9.92,20.9,2,7,Acessos,N1,Resolvido,Atualização de software necessária
CH000570,2024-07-27,1,1,1,22.62,9.032,2,6,Hardware,N1,Resolvido,Telefone sem linha
CH000571,2023-09-07,2,1,1,1.23,66.98,5,6,Acessos,N1,Resolvido,Telefone sem linha
CH000572,2023-11-12,5,2,1,14.73,77.64,5,9,Rede,N2,Resolvido,Configuração de novo equipamento
CH000573,2024-03-15,2,4,1,1.45,22.87,3,3,Acessos,N4,Resolvido,Solicitação de manutenção preventiva
CH000574,2023-08-18,3,2,3,17.79,89.44,4,2,Software,N2,Em andamento,Equipamento não liga
CH000575,2023-08-10,4,1,1,20.22,53.14,5,2,Impressoras,N1,Resolvido,Equipamento não liga
CH000576,2023-07-14,6,1,1,11.2,15.86,5,3,Telefonia,N1,Resolvido,Solicitação de manutenção preventiva
CH000577,2023-05-07,4,1,1,0.84,42.22,2,3,Impressoras,N1,Resolvido,Solicitação de manutenção preventiva
CH000578,2024-01-10,2,2,1,9.12,27.43,5,1,Acessos,N2,Resolvido,Solicitação de acesso a rede
CH000579,2024-01-31,3,3,1,23.33,84.06,1,2,Software,N3,Resolvido,Equipamento não liga
CH000580,2023-02-01,1,3,4,11.4,47.17,5,2,Hardware,N3,Aberto,Equipamento não liga
CH000581,2023-05-08,1,1,1,6.06,15.16,3,4,Hardware,N1,Resolvido,Troca de cartucho de impressora
CH000582,2024-05-02,5,1,2,14.53,54.76,5,3,Rede,N1,Cancelado,Solicitação de manutenção preventiva
CH000583,2023-11-03,4,1,4,10.49,43.64,2,6,Impressoras,N1,Aberto,Telefone sem linha
CH000584,2023-12-23,4,3,3,10.1,25.16,3,8,Impressoras,N3,Em andamento,Hardware defeituoso
CH000585,2023-01-15,5,1,4,20.93,56.12,1,5,Rede,N1,Aberto,Problema na conexão Wi-Fi
CH000586,2024-09-29,4,2,3,12.12,24.72,5,7,Impressoras,N2,Em andamento,Atualização de software necessária
CH000587,2024-06-24,2,3,1,1.9,40.96,4,2,Acessos,N3,Resolvido,Equipamento não liga
CH000588,2024-09-07,1,1,4,1.93,6.51,5,5,Hardware,N1,Aberto,Problema na conexão Wi-Fi
CH000589,2023-01-23,4,1,1,16.56,68.8,1,4,Impressoras,N1,Resolvido,Troca de cartucho de impressora
CH000590,2023-12-18,1,1,3,7.56,34.37,4,5,Hardware,N1,Em andamento,Problema na conexão Wi-Fi
CH000591,2023-02-07,5,1,1,13.76,6.846,5,7,Rede,N1,Resolvido,Atualização de software necessária
CH000592,2023-06-02,5,1,3,5.35,25.79,1,5,Rede,N1,Em andamento,Problema na conexão Wi-Fi
CH000593,2024-04-08,3,1,1,4.84,64.6,4,6,Software,N1,Resolvido,Telefone sem linha
CH000594,2023-09-02,1,2,1,8.49,58.59,5,5,Hardware,N2,Resolvido,Problema na conexão Wi-Fi
CH000595,2024-04-01,6,1,1,19.41,67.16,2,9,Telefonia,N1,Resolvido,Configuração de novo equipamento
CH000596,2024-06-22,4,3,1,3.62,33.01,4,1,Impressoras,N3,Resolvido,Solicitação de acesso a rede
CH000597,2024-08-08,2,1,1,11.99,76.25,4,4,Acessos,N1,Resolvido,Troca de cartucho de impressora
CH000598,2024-06-08,1,1,3,2.15,39.3,4,10,Hardware,N1,Em andamento,Erro ao acessar sistema
CH000599,2023-03-11,3,1,1,21.38,80.57,2,6,Software,N1,Resolvido,Telefone sem linha
CH000600,2023-02-15,4,1,1,22.35,85.45,2,2,Impressoras,N1,Resolvido,Equipamento não liga
CH000601,2024-03-11,4,1,1,10.56,29.72,5,8,Impressoras,N1,Resolvido,Hardware defeituoso
CH000602,2023-05-05,4,1,1,12.53,41.26,1,7,Impressoras,N1,Resolvido,Atualização de software necessária
CH000603,2023-07-14,5,3,1,6.88,72.92,4,1,Rede,N3,Resolvido,Solicitação de acesso a rede
CH000604,2024-10-09,2,4,1,14.45,17.36,4,3,Acessos,N4,Resolvido,Solicitação de manutenção preventiva
CH000605,2024-10-20,4,3,1,9.74,74.27,3,8,Impressoras,N3,Resolvido,Hardware defeituoso
CH000606,2023-03-10,2,1,1,5.46,29.07,2,1,Acessos,N1,Resolvido,Solicitação de acesso a rede
CH000607,2024-05-25,4,1,4,2.98,17.16,5,3,Impressoras,N1,Aberto,Solicitação de manutenção preventiva
CH000608,2024-04-26,3,1,1,23.81,47.75,2,2,Software,N1,Resolvido,Equipamento não liga
CH000609,2023-02-24,3,3,4,13.92,66.5,1,10,Software,N3,Aberto,Erro ao acessar sistema
CH000610,2024-02-26,1,1,2,9.2,7.317,2,10,Hardware,N1,Cancelado,Erro ao acessar sistema
CH000611,2024-04-20,4,1,1,11.43,41.97,3,5,Impressoras,N1,Resolvido,Problema na conexão Wi-Fi
CH000612,2024-08-05,3,3,1,4.5,35.66,4,5,Software,N3,Resolvido,Problema na conexão Wi-Fi
CH000613,2023-09-03,1,2,4,8.53,18.35,3,10,Hardware,N2,Aberto,Erro ao acessar sistema
CH000614,2024-03-25,4,3,1,2.46,62.36,3,2,Impressoras,N3,Resolvido,Equipamento não liga
CH000615,2023-05-17,2,1,1,5.61,27.54,4,6,Acessos,N1,Resolvido,Telefone sem linha
CH000616,2024-04-27,5,1,3,0.93,17.68,2,8,Rede,N1,Em andamento,Hardware defeituoso
CH000617,2023-03-23,1,1,4,0.54,58.29,3,8,Hardware,N1,Aberto,Hardware defeituoso
CH000618,2023-02-25,3,1,1,23.15,8.763,5,4,Software,N1,Resolvido,Troca de cartucho de impressora
CH000619,2023-02-22,2,1,1,1.33,52.28,1,7,Acessos,N1,Resolvido,Atualização de software necessária
CH000620,2023-04-02,6,2,1,11.43,73.06,4,1,Telefonia,N2,Resolvido,Solicitação de acesso a rede
CH000621,2024-09-09,4,1,1,19.31,41.37,2,4,Impressoras,N1,Resolvido,Troca de cartucho de impressora
CH000622,2023-07-06,3,1,1,12.15,51.05,2,5,Software,N1,Resolvido,Problema na conexão Wi-Fi
CH000623,2023-12-17,5,1,1,23.38,8.858,1,2,Rede,N1,Resolvido,Equipamento não liga
CH000624,2023-07-06,6,4,4,11.99,53.85,1,9,Telefonia,N4,Aberto,Configuração de novo equipamento
CH000625,2023-06-29,4,2,1,1.89,64.44,4,2,Impressoras,N2,Resolvido,Equipamento não liga
CH000626,2024-02-09,2,1,3,2.2,32.26,5,1,Acessos,N1,Em andamento,Solicitação de acesso a rede
CH000627,2024-06-29,4,1,1,10.07,35.94,5,1,Impressoras,N1,Resolvido,Solicitação de acesso a rede
CH000628,2023-12-18,1,1,1,22.64,7.575,3,3,Hardware,N1,Resolvido,Solicitação de manutenção preventiva
CH000629,2024-03-27,6,1,3,7.46,7.93,3,4,Telefonia,N1,Em andamento,Troca de cartucho de impressora
CH000630,2023-10-28,2,4,1,17.76,30.27,3,5,Acessos,N4,Resolvido,Problema na conexão Wi-Fi
CH000631,2024-02-24,5,1,4,17.32,8.141,4,7,Rede,N1,Aberto,Atualização de software necessária
CH000632,2023-05-21,1,1,2,12.76,6.86,2,9,Hardware,N1,Cancelado,Configuração de novo equipamento
CH000633,2024-03-31,1,2,1,4.4,36.73,2,3,Hardware,N2,Resolvido,Solicitação de manutenção preventiva
CH000634,2023-05-26,3,3,1,14.84,28.49,4,1,Software,N3,Resolvido,Solicitação de acesso a rede
CH000635,2023-11-10,1,1,3,14.02,33.09,3,1,Hardware,N1,Em andamento,Solicitação de acesso a rede
CH000636,2023-10-18,6,3,1,13.48,57.67,4,6,Telefonia,N3,Resolvido,Telefone sem linha
CH000637,2023-04-18,3,4,2,15.57,33.1,1,8,Software,N4,Cancelado,Hardware defeituoso
CH000638,2024-05-26,3,3,1,12.62,82.18,2,2,Software,N3,Resolvido,Equipamento não liga
CH000639,2024-09-16,3,1,1,16.62,23.65,5,7,Software,N1,Resolvido,Atualização de software necessária
CH000640,2023-05-13,1,4,1,15.66,75.8,1,2,Hardware,N4,Resolvido,Equipamento não liga
CH000641,2024-06-02,5,1,1,12.73,69.91,3,3,Rede,N1,Resolvido,Solicitação de manutenção preventiva
CH000642,2023-08-17,3,1,3,2.48,21.67,3,5,Software,N1,Em andamento,Problema na conexão Wi-Fi
CH000643,2023-01-06,1,3,1,23.94,85.27,2,8,Hardware,N3,Resolvido,Hardware defeituoso
CH000644,2023-11-27,2,1,3,10.1,70.48,4,1,Acessos,N1,Em andamento,Solicitação de acesso a rede
CH000645,2023-02-24,1,1,3,10.07,14.43,1,3,Hardware,N1,Em andamento,Solicitação de manutenção preventiva
CH000646,2024-09-24,6,1,2,7.82,70.4,5,3,Telefonia,N1,Cancelado,Solicitação de manutenção preventiva
CH000647,2024-03-15,6,1,1,21.37,63.75,5,6,Telefonia,N1,Resolvido,Telefone sem linha
CH000648,2023-04-27,5,1,3,3.43,45.42,5,9,Rede,N1,Em andamento,Configuração de novo equipamento
CH000649,2023-09-28,6,1,4,4.71,58.48,1,6,Telefonia,N1,Aberto,Telefone sem linha
CH000650,2023-01-18,3,2,1,23.42,67.15,3,7,Software,N2,Resolvido,Atualização de software necessária
CH000651,2024-05-19,3,2,1,22.7,66.44,1,3,Software,N2,Resolvido,Solicitação de manutenção preventiva
CH000652,2024-06-27,5,1,1,5.68,63.86,5,7,Rede,N1,Resolvido,Atualização de software necessária
CH000653,2023-10-10,5,2,1,17.35,37.51,2,10,Rede,N2,Resolvido,Erro ao acessar sistema
CH000654,2023-11-04,4,2,1,10.38,35.69,5,2,Impressoras,N2,Resolvido,Equipamento não liga
CH000655,2024-09-11,5,1,1,4.65,50.49,4,4,Rede,N1,Resolvido,Troca de cartucho de impressora
CH000656,2023-10-18,5,3,3,19.0,44.36,4,8,Rede,N3,Em andamento,Hardware defeituoso
CH000657,2024-03-04,1,2,1,9.86,76.56,1,1,Hardware,N2,Resolvido,Solicitação de acesso a rede
CH000658,2023-06-04,6,1,2,22.83,28.33,2,1,Telefonia,N1,Cancelado,Solicitação de acesso a rede
CH000659,2023-01-22,3,1,3,15.63,39.96,2,5,Software,N1,Em andamento,Problema na conexão Wi-Fi
CH000660,2023-03-31,5,2,1,18.75,87.97,2,4,Rede,N2,Resolvido,Troca de cartucho de impressora
CH000661,2023-12-10,4,1,2,3.28,40.48,3,3,Impressoras,N1,Cancelado,Solicitação de manutenção preventiva
CH000662,2023-08-25,4,2,3,22.1,65.35,1,6,Impressoras,N2,Em andamento,Telefone sem linha
CH000663,2023-12-15,5,1,1,15.61,7.574,1,7,Rede,N1,Resolvido,Atualização de software necessária
CH000664,2024-08-21,6,1,2,23.27,6.917,2,1,Telefonia,N1,Cancelado,Solicitação de acesso a rede
CH000665,2023-01-14,5,1,1,11.85,19.67,5,9,Rede,N1,Resolvido,Configuração de novo equipamento
CH000666,2023-01-01,5,1,1,16.56,54.87,3,6,Rede,N1,Resolvido,Telefone sem linha
CH000667,2023-06-10,5,1,3,23.12,54.13,1,4,Rede,N1,Em andamento,Troca de cartucho de impressora
CH000668,2023-10-16,6,1,3,17.3,74.03,4,2,Telefonia,N1,Em andamento,Equipamento não liga
CH000669,2023-02-09,2,2,3,9.42,25.33,4,1,Acessos,N2,Em andamento,Solicitação de acesso a rede
CH000670,2023-11-18,1,2,1,14.29,17.52,4,9,Hardware,N2,Resolvido,Configuração de novo equipamento
CH000671,2024-04-20,6,2,1,12.33,13.83,1,2,Telefonia,N2,Resolvido,Equipamento não liga
CH000672,2023-12-20,3,1,1,10.55,13.94,4,10,Software,N1,Resolvido,Erro ao acessar sistema
CH000673,2023-10-26,6,4,3,4.78,37.16,3,2,Telefonia,N4,Em andamento,Equipamento não liga
CH000674,2024-09-12,1,1,2,1.87,54.34,4,8,Hardware,N1,Cancelado,Hardware defeituoso
CH000675,2023-01-02,1,1,4,0.56,67.61,1,10,Hardware,N1,Aberto,Erro ao acessar sistema
CH000676,2024-07-08,3,2,1,13.63,8.292,3,1,Software,N2,Resolvido,Solicitação de acesso a rede
CH000677,2024-07-02,3,1,1,8.33,37.13,2,10,Software,N1,Resolvido,Erro ao acessar sistema
CH000678,2024-06-02,6,4,1,9.54,52.12,5,6,Telefonia,N4,Resolvido,Telefone sem linha
CH000679,2023-07-21,3,1,1,8.56,24.25,1,7,Software,N1,Resolvido,Atualização de software necessária
CH000680,2024-08-10,1,2,3,1.93,27.88,5,2,Hardware,N2,Em andamento,Equipamento não liga
CH000681,2023-11-04,4,1,1,6.56,77.44,3,6,Impressoras,N1,Resolvido,Telefone sem linha
CH000682,2023-11-27,1,3,1,23.46,25.85,3,5,Hardware,N3,Resolvido,Problema na conexão Wi-Fi
CH000683,2023-05-05,3,1,1,18.98,38.66,5,9,Software,N1,Resolvido,Configuração de novo equipamento
CH000684,2023-01-31,4,1,4,12.56,65.72,3,9,Impressoras,N1,Aberto,Configuração de novo equipamento
CH000685,2023-04-13,2,1,1,14.69,60.33,1,8,Acessos,N1,Resolvido,Hardware defeituoso
CH000686,2023-01-08,5,1,2,12.94,68.49,4,2,Rede,N1,Cancelado,Equipamento não liga
CH000687,2023-10-19,2,1,1,19.09,34.67,2,2,Acessos,N1,Resolvido,Equipamento não liga
CH000688,2024-04-08,4,1,4,11.88,34.65,2,5,Impressoras,N1,Aberto,Problema na conexão Wi-Fi
CH000689,2023-11-18,5,1,1,11.22,77.75,3,2,Rede,N1,Resolvido,Equipamento não liga
CH000690,2023-12-02,4,1,3,20.77,51.54,4,2,Impressoras,N1,Em andamento,Equipamento não liga
CH000691,2024-08-29,6,1,1,6.59,24.74,1,7,Telefonia,N1,Resolvido,Atualização de software necessária
CH000692,2023-12-12,2,2,3,16.16,65.81,4,8,Acessos,N2,Em andamento,Hardware defeituoso
CH000693,2023-07-07,5,1,1,21.8,56.23,3,7,Rede,N1,Resolvido,Atualização de software necessária
CH000694,2023-04-20,5,3,1,12.66,73.56,1,7,Rede,N3,Resolvido,Atualização de software necessária
CH000695,2023-09-05,4,1,1,21.45,26.21,3,4,Impressoras,N1,Resolvido,Troca de cartucho de impressora
CH000696,2024-05-19,5,1,1,14.44,23.5,1,6,Rede,N1,Resolvido,Telefone sem linha
CH000697,2023-12-27,3,1,3,16.59,61.79,2,1,Software,N1,Em andamento,Solicitação de acesso a rede
CH000698,2023-01-05,3,3,3,0.91,25.4,4,2,Software,N3,Em andamento,Equipamento não liga
CH000699,2024-02-08,5,1,3,20.51,81.89,2,8,Rede,N1,Em andamento,Hardware defeituoso
CH000700,2023-08-20,6,1,1,21.84,5.793,4,4,Telefonia,N1,Resolvido,Troca de cartucho de impressora
CH000701,2023-05-10,5,2,1,19.66,75.67,2,4,Rede,N2,Resolvido,Troca de cartucho de impressora
CH000702,2024-08-29,2,3,3,11.86,78.52,4,4,Acessos,N3,Em andamento,Troca de cartucho de impressora
CH000703,2023-03-28,4,2,3,23.86,90.7,5,10,Impressoras,N2,Em andamento,Erro ao acessar sistema
CH000704,2024-04-23,1,1,1,23.95,93.31,1,6,Hardware,N1,Resolvido,Telefone sem linha
CH000705,2024-07-13,2,1,4,15.15,69.11,5,3,Acessos,N1,Aberto,Solicitação de manutenção preventiva
CH000706,2024-08-22,6,2,3,13.71,56.03,3,1,Telefonia,N2,Em andamento,Solicitação de acesso a rede
CH000707,2024-05-24,1,1,1,16.67,24.93,3,3,Hardware,N1,Resolvido,Solicitação de manutenção preventiva
CH000708,2024-04-12,4,1,1,17.37,47.19,5,8,Impressoras,N1,Resolvido,Hardware defeituoso
CH000709,2024-10-29,1,2,1,22.37,92.78,5,7,Hardware,N2,Resolvido,Atualização de software necessária
CH000710,2023-09-22,6,1,1,6.22,40.62,5,8,Telefonia,N1,Resolvido,Hardware defeituoso
CH000711,2024-04-28,5,2,1,3.65,19.79,5,4,Rede,N2,Resolvido,Troca de cartucho de impressora
CH000712,2023-06-22,6,1,4,21.43,86.25,1,1,Telefonia,N1,Aberto,Solicitação de acesso a rede
CH000713,2024-09-17,6,1,1,17.38,39.26,3,8,Telefonia,N1,Resolvido,Hardware defeituoso
CH000714,2023-09-28,4,1,3,1.31,38.54,4,9,Impressoras,N1,Em andamento,Configuração de novo equipamento
CH000715,2024-05-24,6,1,2,13.76,69.92,3,2,Telefonia,N1,Cancelado,Equipamento não liga
CH000716,2024-05-27,3,3,1,7.42,67.24,1,10,Software,N3,Resolvido,Erro ao acessar sistema
CH000717,2023-02-23,5,4,1,17.47,24.59,5,4,Rede,N4,Resolvido,Troca de cartucho de impressora
CH000718,2023-09-08,5,1,4,3.66,41.09,2,8,Rede,N1,Aberto,Hardware defeituoso
CH000719,2024-02-09,4,1,1,17.25,35.64,4,4,Impressoras,N1,Resolvido,Troca de cartucho de impressora
CH000720,2024-01-29,2,1,4,20.69,72.93,5,6,Acessos,N1,Aberto,Telefone sem linha
CH000721,2024-10-14,3,2,1,17.77,33.06,2,6,Software,N2,Resolvido,Telefone sem linha
CH000722,2023-10-18,4,1,2,18.91,71.13,3,3,Impressoras,N1,Cancelado,Solicitação de manutenção preventiva
CH000723,2023-04-14,6,1,1,19.8,81.02,2,2,Telefonia,N1,Resolvido,Equipamento não liga
CH000724,2024-02-26,2,4,3,10.91,43.31,2,3,Acessos,N4,Em andamento,Solicitação de manutenção preventiva
CH000725,2024-02-05,1,1,1,6.51,52.61,3,9,Hardware,N1,Resolvido,Configuração de novo equipamento
CH000726,2024-03-11,6,1,1,9.99,70.59,2,5,Telefonia,N1,Resolvido,Problema na conexão Wi-Fi
CH000727,2024-06-01,2,1,4,11.29,31.32,1,4,Acessos,N1,Aberto,Troca de cartucho de impressora
CH000728,2024-09-23,2,1,4,1.16,6.936,5,7,Acessos,N1,Aberto,Atualização de software necessária
CH000729,2023-08-14,3,1,1,14.51,61.29,5,2,Software,N1,Resolvido,Equipamento não liga
CH000730,2024-03-29,2,2,1,8.81,70.58,1,10,Acessos,N2,Resolvido,Erro ao acessar sistema
CH000731,2024-08-22,5,2,1,18.42,33.21,3,6,Rede,N2,Resolvido,Telefone sem linha
CH000732,2024-10-03,5,1,3,4.98,74.76,3,7,Rede,N1,Em andamento,Atualização de software necessária
CH000733,2023-05-20,5,1,1,16.29,19.81,1,4,Rede,N1,Resolvido,Troca de cartucho de impressora
CH000734,2024-03-06,1,1,1,0.91,21.7,4,10,Hardware,N1,Resolvido,Erro ao acessar sistema
CH000735,2024-04-22,4,1,1,9.4,38.99,5,5,Impressoras,N1,Resolvido,Problema na conexão Wi-Fi
CH000736,2023-01-27,3,2,1,18.41,34.73,1,4,Software,N2,Resolvido,Troca de cartucho de impressora
CH000737,2023-08-13,4,2,1,10.9,52.51,3,1,Impressoras,N2,Resolvido,Solicitação de acesso a rede
CH000738,2023-01-24,1,1,3,23.24,80.46,3,4,Hardware,N1,Em andamento,Troca de cartucho de impressora
CH000739,2024-05-13,3,1,3,12.23,37.56,3,1,Software,N1,Em andamento,Solicitação de acesso a rede
CH000740,2023-04-30,6,1,1,18.3,77.2,5,10,Telefonia,N1,Resolvido,Erro ao acessar sistema
CH000741,2024-08-08,5,1,1,20.04,59.58,3,9,Rede,N1,Resolvido,Configuração de novo equipamento
CH000742,2023-12-18,4,2,1,8.42,37.05,3,10,Impressoras,N2,Resolvido,Erro ao acessar sistema
CH000743,2024-03-31,2,1,1,22.47,55.9,5,1,Acessos,N1,Resolvido,Solicitação de acesso a rede
CH000744,2024-10-14,2,2,1,15.47,24.56,4,4,Acessos,N2,Resolvido,Troca de cartucho de impressora
CH000745,2024-07-29,2,2,1,23.21,37.17,2,3,Acessos,N2,Resolvido,Solicitação de manutenção preventiva
CH000746,2024-05-13,6,1,3,0.9,61.26,2,6,Telefonia,N1,Em andamento,Telefone sem linha
CH000747,2024-07-30,5,1,1,22.6,72.38,4,6,Rede,N1,Resolvido,Telefone sem linha
CH000748,2024-07-09,6,1,3,10.55,11.57,2,8,Telefonia,N1,Em andamento,Hardware defeituoso
CH000749,2023-06-04,5,1,1,8.69,68.3,5,3,Rede,N1,Resolvido,Solicitação de manutenção preventiva
CH000750,2023-09-06,1,1,3,15.93,76.91,4,10,Hardware,N1,Em andamento,Erro ao acessar sistema
CH000751,2023-04-12,6,4,4,9.56,60.07,4,5,Telefonia,N4,Aberto,Problema na conexão Wi-Fi
CH000752,2024-06-25,2,1,3,2.02,25.4,4,10,Acessos,N1,Em andamento,Erro ao acessar sistema
CH000753,2023-10-03,6,2,1,5.73,5.932,3,7,Telefonia,N2,Resolvido,Atualização de software necessária
CH000754,2024-10-12,3,2,1,8.98,18.78,5,7,Software,N2,Resolvido,Atualização de software necessária
CH000755,2024-07-22,3,3,3,5.27,19.08,5,5,Software,N3,Em andamento,Problema na conexão Wi-Fi
CH000756,2024-01-19,6,3,1,4.74,34.39,5,10,Telefonia,N3,Resolvido,Erro ao acessar sistema
CH000757,2023-07-25,1,1,3,2.07,18.51,1,9,Hardware,N1,Em andamento,Configuração de novo equipamento
CH000758,2023-08-19,1,2,1,2.51,31.08,3,2,Hardware,N2,Resolvido,Equipamento não liga
CH000759,2023-11-15,6,1,1,18.08,25.08,5,2,Telefonia,N1,Resolvido,Equipamento não liga
CH000760,2023-01-07,3,1,3,16.97,24.47,4,7,Software,N1,Em andamento,Atualização de software necessária
CH000761,2024-03-08,2,1,1,3.94,43.51,2,6,Acessos,N1,Resolvido,Telefone sem linha
CH000762,2024-04-29,5,2,1,21.64,26.74,2,5,Rede,N2,Resolvido,Problema na conexão Wi-Fi
CH000763,2023-11-17,1,1,1,4.62,25.71,4,6,Hardware,N1,Resolvido,Telefone sem linha
CH000764,2023-12-29,1,1,1,0.95,47.1,1,8,Hardware,N1,Resolvido,Hardware defeituoso
CH000765,2023-05-30,1,1,1,9.19,68.67,5,9,Hardware,N1,Resolvido,Configuração de novo equipamento
CH000766,2023-11-04,5,1,1,10.52,15.23,2,4,Rede,N1,Resolvido,Troca de cartucho de impressora
CH000767,2024-04-15,4,2,4,14.73,68.56,2,4,Impressoras,N2,Aberto,Troca de cartucho de impressora
CH000768,2023-12-19,6,1,2,20.6,38.98,3,10,Telefonia,N1,Cancelado,Erro ao acessar sistema
CH000769,2024-03-27,1,4,3,18.77,27.54,1,3,Hardware,N4,Em andamento,Solicitação de manutenção preventiva
CH000770,2023-04-19,2,2,1,19.1,59.27,1,8,Acessos,N2,Resolvido,Hardware defeituoso
CH000771,2024-02-12,1,1,1,4.04,73.62,3,10,Hardware,N1,Resolvido,Erro ao acessar sistema
CH000772,2024-07-31,4,3,3,5.13,69.6,4,9,Impressoras,N3,Em andamento,Configuração de novo equipamento
CH000773,2024-08-27,5,2,1,21.97,71.02,3,2,Rede,N2,Resolvido,Equipamento não liga
CH000774,2024-10-02,3,1,4,6.62,29.44,3,1,Software,N1,Aberto,Solicitação de acesso a rede
CH000775,2024-01-06,1,1,3,13.07,43.54,2,2,Hardware,N1,Em andamento,Equipamento não liga
CH000776,2023-09-16,4,1,4,17.36,80.22,4,6,Impressoras,N1,Aberto,Telefone sem linha
CH000777,2024-04-30,6,4,1,5.01,66.47,2,2,Telefonia,N4,Resolvido,Equipamento não liga
CH000778,2024-04-10,6,1,1,0.55,61.94,5,7,Telefonia,N1,Resolvido,Atualização de software necessária
CH000779,2024-01-26,1,1,1,11.86,74.78,5,7,Hardware,N1,Resolvido,Atualização de software necessária
CH000780,2023-10-22,1,1,3,0.73,53.37,2,9,Hardware,N1,Em andamento,Configuração de novo equipamento
CH000781,2024-02-04,2,1,1,5.05,56.5,3,6,Acessos,N1,Resolvido,Telefone sem linha
CH000782,2023-11-09,2,1,1,17.91,61.62,3,7,Acessos,N1,Resolvido,Atualização de software necessária
CH000783,2024-01-27,4,2,1,5.88,50.08,5,3,Impressoras,N2,Resolvido,Solicitação de manutenção preventiva
CH000784,2023-06-06,5,2,1,8.27,48.34,5,1,Rede,N2,Resolvido,Solicitação de acesso a rede
CH000785,2023-09-28,3,2,3,15.56,81.23,4,5,Software,N2,Em andamento,Problema na conexão Wi-Fi
CH000786,2024-05-04,3,1,1,23.27,42.55,5,10,Software,N1,Resolvido,Erro ao acessar sistema
CH000787,2024-09-27,4,4,1,20.15,35.36,5,4,Impressoras,N4,Resolvido,Troca de cartucho de impressora
CH000788,2023-11-25,4,2,3,22.6,55.99,2,10,Impressoras,N2,Em andamento,Erro ao acessar sistema
CH000789,2023-02-16,3,3,3,19.75,83.2,3,9,Software,N3,Em andamento,Configuração de novo equipamento
CH000790,2023-12-27,1,2,3,15.68,17.75,4,8,Hardware,N2,Em andamento,Hardware defeituoso
CH000791,2023-03-28,6,1,3,9.15,65.8,2,3,Telefonia,N1,Em andamento,Solicitação de manutenção preventiva
CH000792,2024-01-01,1,2,4,16.32,54.47,1,5,Hardware,N2,Aberto,Problema na conexão Wi-Fi
CH000793,2023-02-06,4,1,3,18.79,59.57,1,10,Impressoras,N1,Em andamento,Erro ao acessar sistema
CH000794,2023-10-22,3,2,1,16.22,27.95,5,7,Software,N2,Resolvido,Atualização de software necessária
CH000795,2024-07-17,1,4,1,15.71,21.44,1,5,Hardware,N4,Resolvido,Problema na conexão Wi-Fi
CH000796,2024-04-11,5,2,3,24.0,70.17,2,3,Rede,N2,Em andamento,Solicitação de manutenção preventiva
CH000797,2023-10-03,4,3,4,4.21,23.97,2,4,Impressoras,N3,Aberto,Troca de cartucho de impressora
CH000798,2024-01-08,6,2,1,23.49,8.203,3,2,Telefonia,N2,Resolvido,Equipamento não liga
CH000799,2023-12-02,4,1,1,13.79,72.13,4,5,Impressoras,N1,Resolvido,Problema na conexão Wi-Fi
CH000800,2024-09-05,1,1,3,19.32,78.59,1,2,Hardware,N1,Em andamento,Equipamento não liga
CH000801,2024-01-04,1,1,1,13.57,25.04,1,3,Hardware,N1,Resolvido,Solicitação de manutenção preventiva
CH000802,2024-05-15,4,2,1,17.94,79.5,5,2,Impressoras,N2,Resolvido,Equipamento não liga
CH000803,2024-07-24,6,3,2,16.49,64.8,5,7,Telefonia,N3,Cancelado,Atualização de software necessária
CH000804,2024-05-15,1,1,4,16.29,37.23,1,4,Hardware,N1,Aberto,Troca de cartucho de impressora
CH000805,2023-09-27,5,1,1,6.43,22.59,3,5,Rede,N1,Resolvido,Problema na conexão Wi-Fi
CH000806,2023-09-27,4,2,1,2.67,44.16,5,3,Impressoras,N2,Resolvido,Solicitação de manutenção preventiva
CH000807,2023-05-12,4,1,1,4.69,39.65,3,6,Impressoras,N1,Resolvido,Telefone sem linha
CH000808,2023-04-05,4,3,3,6.96,63.04,2,5,Impressoras,N3,Em andamento,Problema na conexão Wi-Fi
CH000809,2024-05-26,4,1,1,5.16,56.87,1,5,Impressoras,N1,Resolvido,Problema na conexão Wi-Fi
CH000810,2023-12-28,2,1,3,15.05,58.95,3,4,Acessos,N1,Em andamento,Troca de cartucho de impressora
CH000811,2023-01-01,5,3,1,21.5,31.25,5,8,Rede,N3,Resolvido,Hardware defeituoso
CH000812,2023-12-23,4,1,1,16.82,71.95,2,6,Impressoras,N1,Resolvido,Telefone sem linha
CH000813,2023-11-13,1,1,1,23.59,30.84,4,4,Hardware,N1,Resolvido,Troca de cartucho de impressora
CH000814,2024-10-04,1,2,1,12.7,22.29,4,3,Hardware,N2,Resolvido,Solicitação de manutenção preventiva
CH000815,2024-03-21,1,1,2,23.24,8.819,2,3,Hardware,N1,Cancelado,Solicitação de manutenção preventiva
CH000816,2023-06-15,4,1,3,0.77,39.44,4,1,Impressoras,N1,Em andamento,Solicitação de acesso a rede
CH000817,2023-07-17,6,1,1,10.1,62.48,4,5,Telefonia,N1,Resolvido,Problema na conexão Wi-Fi
CH000818,2024-01-25,1,1,3,2.88,8.89,5,7,Hardware,N1,Em andamento,Atualização de software necessária
CH000819,2024-04-16,3,1,2,10.6,48.57,4,3,Software,N1,Cancelado,Solicitação de manutenção preventiva
CH000820,2023-03-06,3,1,1,16.21,50.08,5,4,Software,N1,Resolvido,Troca de cartucho de impressora
CH000821,2023-02-27,5,1,2,21.76,40.58,4,7,Rede,N1,Cancelado,Atualização de software necessária
CH000822,2024-10-20,6,2,1,19.95,56.67,2,2,Telefonia,N2,Resolvido,Equipamento não liga
CH000823,2023-12-31,2,2,4,16.23,8.174,1,4,Acessos,N2,Aberto,Troca de cartucho de impressora
CH000824,2024-04-09,3,1,1,21.3,67.88,5,3,Software,N1,Resolvido,Solicitação de manutenção preventiva
CH000825,2024-05-03,5,1,1,8.64,52.16,3,4,Rede,N1,Resolvido,Troca de cartucho de impressora
CH000826,2024-04-15,4,1,1,18.2,25.82,3,8,Impressoras,N1,Resolvido,Hardware defeituoso
CH000827,2023-12-28,3,1,1,6.21,77.47,1,1,Software,N1,Resolvido,Solicitação de acesso a rede
CH000828,2024-04-01,6,3,1,17.88,67.87,1,2,Telefonia,N3,Resolvido,Equipamento não liga
CH000829,2023-09-24,1,1,3,8.02,61.34,1,7,Hardware,N1,Em andamento,Atualização de software necessária
CH000830,2023-06-18,1,1,1,2.1,34.49,1,3,Hardware,N1,Resolvido,Solicitação de manutenção preventiva
CH000831,2023-04-23,1,4,1,11.7,37.3,3,4,Hardware,N4,Resolvido,Troca de cartucho de impressora
CH000832,2023-09-04,3,1,3,21.74,55.33,2,1,Software,N1,Em andamento,Solicitação de acesso a rede
CH000833,2024-09-25,1,3,1,10.41,19.8,1,1,Hardware,N3,Resolvido,Solicitação de acesso a rede
CH000834,2024-05-04,4,1,3,2.52,49.56,3,4,Impressoras,N1,Em andamento,Troca de cartucho de impressora
CH000835,2024-04-15,5,1,1,7.28,21.26,2,9,Rede,N1,Resolvido,Configuração de novo equipamento
CH000836,2024-08-18,4,3,4,12.39,80.23,5,1,Impressoras,N3,Aberto,Solicitação de acesso a rede
CH000837,2024-09-29,3,1,1,2.04,24.57,1,2,Software,N1,Resolvido,Equipamento não liga
CH000838,2023-04-23,5,1,1,4.1,65.91,4,10,Rede,N1,Resolvido,Erro ao acessar sistema
CH000839,2023-08-05,4,1,1,16.02,58.12,1,10,Impressoras,N1,Resolvido,Erro ao acessar sistema
CH000840,2024-09-12,1,1,3,1.32,21.49,5,4,Hardware,N1,Em andamento,Troca de cartucho de impressora
CH000841,2024-09-17,5,2,1,11.06,64.49,4,9,Rede,N2,Resolvido,Configuração de novo equipamento
CH000842,2023-08-04,4,2,1,22.25,62.62,2,6,Impressoras,N2,Resolvido,Telefone sem linha
CH000843,2024-08-27,1,1,1,9.49,65.28,2,8,Hardware,N1,Resolvido,Hardware defeituoso
CH000844,2023-08-11,5,1,1,12.86,7.246,5,9,Rede,N1,Resolvido,Configuração de novo equipamento
CH000845,2024-02-17,2,1,1,10.13,19.27,1,5,Acessos,N1,Resolvido,Problema na conexão Wi-Fi
CH000846,2024-07-27,1,2,2,16.85,31.63,5,6,Hardware,N2,Cancelado,Telefone sem linha
CH000847,2024-03-11,2,1,3,16.13,73.96,5,3,Acessos,N1,Em andamento,Solicitação de manutenção preventiva
CH000848,2023-03-12,6,2,1,8.62,44.23,3,8,Telefonia,N2,Resolvido,Hardware defeituoso
CH000849,2023-01-10,1,1,4,13.4,81.7,4,4,Hardware,N1,Aberto,Troca de cartucho de impressora
CH000850,2024-03-07,2,4,3,19.38,28.9,1,4,Acessos,N4,Em andamento,Troca de cartucho de impressora
CH000851,2023-06-21,5,1,1,15.32,33.41,2,8,Rede,N1,Resolvido,Hardware defeituoso
CH000852,2024-09-23,2,1,1,3.91,65.74,4,4,Acessos,N1,Resolvido,Troca de cartucho de impressora
CH000853,2023-10-07,6,1,3,18.98,55.12,3,7,Telefonia,N1,Em andamento,Atualização de software necessária
CH000854,2023-05-19,4,1,1,14.46,65.43,3,2,Impressoras,N1,Resolvido,Equipamento não liga
CH000855,2023-06-11,4,1,1,1.43,9.92,2,5,Impressoras,N1,Resolvido,Problema na conexão Wi-Fi
CH000856,2024-09-05,6,1,3,15.14,56.97,2,5,Telefonia,N1,Em andamento,Problema na conexão Wi-Fi
CH000857,2024-02-18,3,1,3,22.89,73.25,5,2,Software,N1,Em andamento,Equipamento não liga
CH000858,2024-06-16,3,2,1,16.61,31.68,5,1,Software,N2,Resolvido,Solicitação de acesso a rede
CH000859,2023-11-06,5,2,2,6.47,33.57,3,6,Rede,N2,Cancelado,Telefone sem linha
CH000860,2023-11-20,5,2,1,21.41,42.45,5,2,Rede,N2,Resolvido,Equipamento não liga
CH000861,2024-01-04,2,1,1,8.57,22.99,5,1,Acessos,N1,Resolvido,Solicitação de acesso a rede
CH000862,2024-09-11,2,1,1,15.64,74.4,4,9,Acessos,N1,Resolvido,Configuração de novo equipamento
CH000863,2024-09-12,4,1,1,18.4,75.37,5,5,Impressoras,N1,Resolvido,Problema na conexão Wi-Fi
CH000864,2023-09-07,6,2,1,12.22,25.92,5,4,Telefonia,N2,Resolvido,Troca de cartucho de impressora
CH000865,2024-03-04,1,2,1,18.2,21.81,5,4,Hardware,N2,Resolvido,Troca de cartucho de impressora
CH000866,2023-01-30,2,2,1,14.97,23.38,1,2,Acessos,N2,Resolvido,Equipamento não liga
CH000867,2024-08-15,1,2,1,13.93,51.98,3,3,Hardware,N2,Resolvido,Solicitação de manutenção preventiva
CH000868,2023-07-05,4,1,1,9.06,35.7,3,5,Impressoras,N1,Resolvido,Problema na conexão Wi-Fi
CH000869,2023-12-04,6,1,3,20.64,28.83,5,6,Telefonia,N1,Em andamento,Telefone sem linha
CH000870,2023-09-24,1,1,1,23.12,78.27,3,2,Hardware,N1,Resolvido,Equipamento não liga
CH000871,2023-10-01,6,1,1,23.45,73.11,3,8,Telefonia,N1,Resolvido,Hardware defeituoso
CH000872,2024-01-29,4,2,1,0.82,56.5,4,10,Impressoras,N2,Resolvido,Erro ao acessar sistema
CH000873,2024-03-23,5,1,1,21.22,87.6,2,6,Rede,N1,Resolvido,Telefone sem linha
CH000874,2023-11-21,4,1,3,7.32,15.94,3,2,Impressoras,N1,Em andamento,Equipamento não liga
CH000875,2023-02-06,2,2,1,12.94,49.83,2,5,Acessos,N2,Resolvido,Problema na conexão Wi-Fi
CH000876,2024-08-22,3,1,1,1.7,19.56,3,6,Software,N1,Resolvido,Telefone sem linha
CH000877,2023-04-01,1,2,1,3.94,21.41,4,8,Hardware,N2,Resolvido,Hardware defeituoso
CH000878,2023-02-23,1,2,1,18.0,57.82,2,10,Hardware,N2,Resolvido,Erro ao acessar sistema
CH000879,2023-07-16,3,2,1,19.92,21.69,5,7,Software,N2,Resolvido,Atualização de software necessária
CH000880,2023-05-29,6,2,1,1.9,28.83,5,9,Telefonia,N2,Resolvido,Configuração de novo equipamento
CH000881,2024-10-26,2,2,1,8.49,25.17,5,9,Acessos,N2,Resolvido,Configuração de novo equipamento
CH000882,2024-10-17,5,4,3,2.57,30.16,2,6,Rede,N4,Em andamento,Telefone sem linha
CH000883,2024-08-25,3,2,1,5.53,59.63,4,10,Software,N2,Resolvido,Erro ao acessar sistema
CH000884,2023-03-10,4,2,2,23.83,68.56,4,4,Impressoras,N2,Cancelado,Troca de cartucho de impressora
CH000885,2023-09-20,2,1,1,21.09,36.08,3,3,Acessos,N1,Resolvido,Solicitação de manutenção preventiva
CH000886,2023-10-03,5,2,1,7.28,36.57,2,9,Rede,N2,Resolvido,Configuração de novo equipamento
CH000887,2023-03-22,4,3,1,2.77,30.93,1,5,Impressoras,N3,Resolvido,Problema na conexão Wi-Fi
CH000888,2023-05-19,4,1,1,17.7,51.67,1,7,Impressoras,N1,Resolvido,Atualização de software necessária
CH000889,2024-10-23,4,1,3,7.37,51.05,5,1,Impressoras,N1,Em andamento,Solicitação de acesso a rede
CH000890,2023-07-05,1,1,1,23.9,68.33,2,5,Hardware,N1,Resolvido,Problema na conexão Wi-Fi
CH000891,2023-06-12,3,1,3,0.81,42.8,4,6,Software,N1,Em andamento,Telefone sem linha
CH000892,2023-10-18,3,1,1,4.52,67.85,3,8,Software,N1,Resolvido,Hardware defeituoso
CH000893,2024-11-01,1,1,1,3.29,44.98,5,8,Hardware,N1,Resolvido,Hardware defeituoso
CH000894,2024-03-23,3,2,2,7.49,55.81,4,6,Software,N2,Cancelado,Telefone sem linha
CH000895,2024-05-29,5,2,1,9.74,67.09,4,2,Rede,N2,Resolvido,Equipamento não liga
CH000896,2023-07-23,6,1,4,2.08,20.64,2,10,Telefonia,N1,Aberto,Erro ao acessar sistema
CH000897,2023-03-06,1,1,3,23.69,68.34,5,8,Hardware,N1,Em andamento,Hardware defeituoso
CH000898,2024-04-27,6,3,1,17.71,62.1,5,4,Telefonia,N3,Resolvido,Troca de cartucho de impressora
CH000899,2023-10-22,4,3,1,22.41,46.86,2,9,Impressoras,N3,Resolvido,Configuração de novo equipamento
CH000900,2023-09-19,3,3,1,23.3,6.157,3,6,Software,N3,Resolvido,Telefone sem linha
CH000901,2023-09-27,1,2,3,23.56,50.76,1,8,Hardware,N2,Em andamento,Hardware defeituoso
CH000902,2024-05-21,3,1,1,0.81,64.0,3,5,Software,N1,Resolvido,Problema na conexão Wi-Fi
CH000903,2024-03-27,3,1,1,6.53,39.86,4,1,Software,N1,Resolvido,Solicitação de acesso a rede
CH000904,2023-11-13,5,2,1,11.0,79.45,3,8,Rede,N2,Resolvido,Hardware defeituoso
CH000905,2023-02-22,2,1,1,20.98,60.58,4,1,Acessos,N1,Resolvido,Solicitação de acesso a rede
CH000906,2023-10-25,6,1,1,23.52,70.63,3,3,Telefonia,N1,Resolvido,Solicitação de manutenção preventiva
CH000907,2023-07-22,4,1,1,22.59,53.9,3,8,Impressoras,N1,Resolvido,Hardware defeituoso
CH000908,2024-09-12,1,2,1,21.54,82.94,4,4,Hardware,N2,Resolvido,Troca de cartucho de impressora
CH000909,2023-06-08,2,1,3,21.43,89.68,2,9,Acessos,N1,Em andamento,Configuração de novo equipamento
CH000910,2023-10-07,4,1,1,1.03,31.74,3,3,Impressoras,N1,Resolvido,Solicitação de manutenção preventiva
CH000911,2023-08-21,5,2,1,2.58,21.11,5,4,Rede,N2,Resolvido,Troca de cartucho de impressora
CH000912,2023-04-21,4,1,1,2.08,21.64,1,8,Impressoras,N1,Resolvido,Hardware defeituoso
CH000913,2023-03-30,6,1,1,3.63,61.29,1,5,Telefonia,N1,Resolvido,Problema na conexão Wi-Fi
CH000914,2023-08-16,3,4,1,6.83,33.23,4,6,Software,N4,Resolvido,Telefone sem linha
CH000915,2024-01-03,2,2,3,22.74,29.13,5,1,Acessos,N2,Em andamento,Solicitação de acesso a rede
CH000916,2023-03-24,3,2,1,5.05,35.87,1,9,Software,N2,Resolvido,Configuração de novo equipamento
CH000917,2024-10-19,1,1,3,11.72,57.76,3,8,Hardware,N1,Em andamento,Hardware defeituoso
CH000918,2023-09-30,2,1,1,8.56,38.26,3,3,Acessos,N1,Resolvido,Solicitação de manutenção preventiva
CH000919,2023-06-04,1,1,4,4.29,29.09,2,4,Hardware,N1,Aberto,Troca de cartucho de impressora
CH000920,2023-05-21,1,1,1,21.29,35.78,4,4,Hardware,N1,Resolvido,Troca de cartucho de impressora
CH000921,2024-10-08,1,1,1,21.26,43.51,4,9,Hardware,N1,Resolvido,Configuração de novo equipamento
CH000922,2023-09-11,4,1,3,21.44,88.17,2,1,Impressoras,N1,Em andamento,Solicitação de acesso a rede
CH000923,2023-05-20,2,1,3,12.26,23.6,3,6,Acessos,N1,Em andamento,Telefone sem linha
CH000924,2024-01-09,6,1,1,7.48,46.45,4,6,Telefonia,N1,Resolvido,Telefone sem linha
CH000925,2023-03-26,4,2,1,12.86,73.95,2,10,Impressoras,N2,Resolvido,Erro ao acessar sistema
CH000926,2024-03-17,2,1,1,1.09,7.299,5,4,Acessos,N1,Resolvido,Troca de cartucho de impressora
CH000927,2023-10-10,6,1,1,9.59,43.16,3,8,Telefonia,N1,Resolvido,Hardware defeituoso
CH000928,2023-10-31,1,1,1,21.66,48.22,2,3,Hardware,N1,Resolvido,Solicitação de manutenção preventiva
CH000929,2023-10-30,3,1,1,7.26,32.17,1,6,Software,N1,Resolvido,Telefone sem linha
CH000930,2023-09-01,6,1,3,4.92,29.43,4,1,Telefonia,N1,Em andamento,Solicitação de acesso a rede
CH000931,2024-08-27,3,1,1,19.5,64.03,5,5,Software,N1,Resolvido,Problema na conexão Wi-Fi
CH000932,2023-03-25,3,1,3,19.95,39.59,1,5,Software,N1,Em andamento,Problema na conexão Wi-Fi
CH000933,2023-04-28,1,1,3,17.17,66.33,1,9,Hardware,N1,Em andamento,Configuração de novo equipamento
CH000934,2024-08-14,2,3,1,2.6,60.15,2,8,Acessos,N3,Resolvido,Hardware defeituoso
CH000935,2024-08-03,6,1,1,2.64,24.0,2,2,Telefonia,N1,Resolvido,Equipamento não liga
CH000936,2023-04-13,3,1,1,8.21,57.97,3,4,Software,N1,Resolvido,Troca de cartucho de impressora
CH000937,2023-06-12,6,1,3,23.86,43.95,1,5,Telefonia,N1,Em andamento,Problema na conexão Wi-Fi
CH000938,2024-05-14,5,1,1,16.98,66.72,1,9,Rede,N1,Resolvido,Configuração de novo equipamento
CH000939,2023-01-25,5,4,3,6.61,60.88,3,6,Rede,N4,Em andamento,Telefone sem linha
CH000940,2024-10-02,2,1,1,2.19,67.64,1,7,Acessos,N1,Resolvido,Atualização de software necessária
CH000941,2023-01-07,2,1,2,2.8,7.43,5,7,Acessos,N1,Cancelado,Atualização de software necessária
CH000942,2023-04-21,1,1,3,17.44,55.26,2,4,Hardware,N1,Em andamento,Troca de cartucho de impressora
CH000943,2024-03-12,6,1,3,6.7,51.24,5,2,Telefonia,N1,Em andamento,Equipamento não liga
CH000944,2024-05-09,1,2,1,19.86,81.53,5,7,Hardware,N2,Resolvido,Atualização de software necessária
CH000945,2024-08-16,6,1,4,17.28,54.99,2,4,Telefonia,N1,Aberto,Troca de cartucho de impressora
CH000946,2024-02-03,4,1,1,18.97,57.1,3,5,Impressoras,N1,Resolvido,Problema na conexão Wi-Fi
CH000947,2023-01-29,5,1,3,1.88,15.59,4,9,Rede,N1,Em andamento,Configuração de novo equipamento
CH000948,2024-03-15,2,1,3,21.17,42.14,3,2,Acessos,N1,Em andamento,Equipamento não liga
CH000949,2024-05-24,4,1,3,8.72,70.03,5,3,Impressoras,N1,Em andamento,Solicitação de manutenção preventiva
CH000950,2023-10-31,5,1,1,20.14,39.62,1,5,Rede,N1,Resolvido,Problema na conexão Wi-Fi
CH000951,2023-03-17,5,1,1,0.94,2.91,2,9,Rede,N1,Resolvido,Configuração de novo equipamento
CH000952,2023-07-09,1,1,1,10.21,56.92,5,8,Hardware,N1,Resolvido,Hardware defeituoso
CH000953,2024-01-23,2,1,1,14.99,33.72,4,1,Acessos,N1,Resolvido,Solicitação de acesso a rede
CH000954,2024-02-18,3,4,1,20.89,69.9,4,4,Software,N4,Resolvido,Troca de cartucho de impressora
CH000955,2023-02-23,3,1,1,17.18,59.6,3,6,Software,N1,Resolvido,Telefone sem linha
CH000956,2024-07-24,4,1,3,6.53,59.97,4,1,Impressoras,N1,Em andamento,Solicitação de acesso a rede
CH000957,2024-01-22,6,1,3,0.75,52.29,2,10,Telefonia,N1,Em andamento,Erro ao acessar sistema
CH000958,2024-09-26,1,1,1,11.27,4.856,1,3,Hardware,N1,Resolvido,Solicitação de manutenção preventiva
CH000959,2023-10-21,6,1,1,23.37,87.11,5,6,Telefonia,N1,Resolvido,Telefone sem linha
CH000960,2023-07-26,4,1,1,1.16,53.11,2,3,Impressoras,N1,Resolvido,Solicitação de manutenção preventiva
CH000961,2024-06-17,6,1,1,22.36,31.81,2,1,Telefonia,N1,Resolvido,Solicitação de acesso a rede
CH000962,2024-03-03,1,1,3,22.08,79.78,1,7,Hardware,N1,Em andamento,Atualização de software necessária
CH000963,2023-07-30,3,1,3,17.39,74.3,5,7,Software,N1,Em andamento,Atualização de software necessária
CH000964,2023-09-10,4,1,1,14.98,61.23,5,6,Impressoras,N1,Resolvido,Telefone sem linha
CH000965,2023-05-01,2,3,2,17.29,53.8,2,4,Acessos,N3,Cancelado,Troca de cartucho de impressora
CH000966,2024-06-10,1,2,3,3.66,57.97,4,4,Hardware,N2,Em andamento,Troca de cartucho de impressora
CH000967,2023-08-06,2,1,4,14.05,27.71,2,9,Acessos,N1,Aberto,Configuração de novo equipamento
CH000968,2023-12-25,1,1,1,22.93,33.61,5,5,Hardware,N1,Resolvido,Problema na conexão Wi-Fi
CH000969,2023-03-31,5,1,1,1.88,60.3,2,2,Rede,N1,Resolvido,Equipamento não liga
CH000970,2023-06-13,6,2,3,2.15,30.09,2,3,Telefonia,N2,Em andamento,Solicitação de manutenção preventiva
CH000971,2023-12-04,4,1,1,5.99,18.1,1,9,Impressoras,N1,Resolvido,Configuração de novo equipamento
CH000972,2023-04-27,5,1,1,1.07,27.71,3,10,Rede,N1,Resolvido,Erro ao acessar sistema
CH000973,2024-10-31,5,2,4,6.25,55.93,2,10,Rede,N2,Aberto,Erro ao acessar sistema
CH000974,2024-06-10,1,1,1,9.84,47.55,2,5,Hardware,N1,Resolvido,Problema na conexão Wi-Fi
CH000975,2023-11-30,6,2,2,22.88,36.95,1,8,Telefonia,N2,Cancelado,Hardware defeituoso
CH000976,2024-04-25,1,1,4,1.63,41.99,2,7,Hardware,N1,Aberto,Atualização de software necessária
CH000977,2023-07-14,1,1,1,8.21,7.733,4,4,Hardware,N1,Resolvido,Troca de cartucho de impressora
CH000978,2023-11-26,3,2,1,5.75,50.26,2,5,Software,N2,Resolvido,Problema na conexão Wi-Fi
CH000979,2024-02-16,3,3,1,1.14,70.62,3,8,Software,N3,Resolvido,Hardware defeituoso
CH000980,2023-09-17,1,1,3,3.08,23.13,2,10,Hardware,N1,Em andamento,Erro ao acessar sistema
CH000981,2024-07-26,2,2,1,19.14,43.93,1,6,Acessos,N2,Resolvido,Telefone sem linha
CH000982,2024-06-27,3,2,1,0.67,3.23,3,2,Software,N2,Resolvido,Equipamento não liga
CH000983,2024-02-26,6,2,3,16.69,75.35,3,5,Telefonia,N2,Em andamento,Problema na conexão Wi-Fi
CH000984,2024-02-15,3,2,1,16.0,61.13,2,2,Software,N2,Resolvido,Equipamento não liga
CH000985,2024-07-13,4,1,1,7.23,30.37,5,2,Impressoras,N1,Resolvido,Equipamento não liga
CH000986,2024-03-29,3,2,1,5.49,13.92,1,5,Software,N2,Resolvido,Problema na conexão Wi-Fi
CH000987,2024-10-17,1,2,1,18.2,34.81,4,3,Hardware,N2,Resolvido,Solicitação de manutenção preventiva
CH000988,2023-01-02,3,2,1,8.06,67.08,3,2,Software,N2,Resolvido,Equipamento não liga
CH000989,2024-08-25,6,3,1,3.73,25.0,3,3,Telefonia,N3,Resolvido,Solicitação de manutenção preventiva
CH000990,2024-01-18,2,1,1,19.24,58.36,2,3,Acessos,N1,Resolvido,Solicitação de manutenção preventiva
CH000991,2023-08-26,6,2,1,23.62,53.54,5,8,Telefonia,N2,Resolvido,Hardware defeituoso
CH000992,2023-11-29,2,1,3,9.48,51.48,1,2,Acessos,N1,Em andamento,Equipamento não liga
CH000993,2024-08-30,2,3,3,7.02,20.31,5,4,Acessos,N3,Em andamento,Troca de cartucho de impressora
CH000994,2023-03-06,3,1,1,19.86,6.547,5,1,Software,N1,Resolvido,Solicitação de acesso a rede
CH000995,2023-06-30,1,2,4,20.31,42.84,2,1,Hardware,N2,Aberto,Solicitação de acesso a rede
CH000996,2024-09-20,5,1,1,7.1,67.03,5,5,Rede,N1,Resolvido,Problema na conexão Wi-Fi
CH000997,2024-05-07,2,1,4,2.68,4.04,2,7,Acessos,N1,Aberto,Atualização de software necessária
CH000998,2023-11-17,1,1,3,20.73,34.32,4,6,Hardware,N1,Em andamento,Telefone sem linha
CH000999,2024-05-29,1,1,1,19.73,67.9,3,5,Hardware,N1,Resolvido,Problema na conexão Wi-Fi
CH001000,2024-02-08,6,1,4,16.22,79.33,5,3,Telefonia,N1,Aberto,Solicitação de manutenção preventiva
